Tweet_count,Username,Text,Created_At,Tweet_ID
1,Bloomberg Crypto,"Donald Trump said his first days in office will focus on tariffs, immigration and deregulation. Here's what our economists expect to happen. https://t.co/cbpKOhjFbT",Sat Nov 09 23:43:24 +0000 2024,1855395796532814161
2,Bloomberg Crypto,FTX filed a lawsuit against Anthony Scaramucci and his hedge fund SkyBridge Capital as part of a broader effort to claw back money for creditors of the bankrupt company. https://t.co/VsxbGGBVWO,Sat Nov 09 19:12:51 +0000 2024,1855327711234752948
3,Bloomberg Crypto,FTX filed a lawsuit against Anthony Scaramucci and his hedge fund SkyBridge Capital as part of a broader effort to claw back money for creditors of the bankrupt company https://t.co/nQYRoDZff5,Sat Nov 09 17:08:41 +0000 2024,1855296464500519373
4,Bloomberg Crypto,Silicon Valley's Trump supporters have big plans. https://t.co/Jrz6uGFttz,Sat Nov 09 15:32:16 +0000 2024,1855272198358884704
5,Bloomberg Crypto,"Trump's US election victory was music to the ears of some attendees at Singapore's FinTech Festival. But others feared the economic cost of his win. 

Read more in this week's free Singapore Edition newsletter. https://t.co/RXn5eF8xZK",Sat Nov 09 15:28:04 +0000 2024,1855271143277523416
6,Bloomberg Crypto,The crypto industry made a $135 million bet on the election. It paid off spectacularly https://t.co/ZtAOXVPpET,Sat Nov 09 14:53:02 +0000 2024,1855262328322695281
7,Bloomberg Crypto,The crypto industry made a $135 million bet on the election. It paid off spectacularly https://t.co/YFfCHuXf8O,Sat Nov 09 12:53:08 +0000 2024,1855232154180976914
8,Bloomberg Crypto,"Trump's US election victory was music to the ears of some attendees at Singapore's FinTech Festival. But others feared the economic cost of his win. 

Read more in this week's free Singapore Edition newsletter. https://t.co/uSFAMw6hKP",Sat Nov 09 12:28:06 +0000 2024,1855225853447148017
9,Bloomberg Crypto,The crypto industry made a $135 million bet on the election. It paid off spectacularly https://t.co/hGGCKsVk7S,Sat Nov 09 10:52:02 +0000 2024,1855201676501627361
10,Bloomberg Crypto,"Trump's US election victory was music to the ears of some attendees at Singapore's FinTech Festival. But others feared the economic cost of his win. 

Read more in this week's free Singapore Edition newsletter. https://t.co/X8HtG7KXAC",Sat Nov 09 09:27:06 +0000 2024,1855180304522117323
11,Bloomberg Crypto,The crypto industry made a $135 million bet on the election. It paid off spectacularly https://t.co/frTafBJUAh,Sat Nov 09 08:52:01 +0000 2024,1855171474585231695
12,Bloomberg Crypto,The crypto industry made a $135 million bet on the election. It paid off spectacularly https://t.co/TZ8qKvNYed,Sat Nov 09 06:56:03 +0000 2024,1855142291528172011
13,Bloomberg Crypto,"Trump's US election victory was music to the ears of some attendees at Singapore's FinTech Festival. But others feared the economic cost of his win. 

Read more in this week's free Singapore Edition newsletter. https://t.co/9mVrghQ0St",Sat Nov 09 06:27:04 +0000 2024,1855134998279356786
14,Bloomberg Crypto,"Trump's US election victory was music to the ears of some attendees at Singapore's FinTech Festival. But others feared the economic cost of his win. 

Read more in this week's free Singapore Edition newsletter. https://t.co/jtaotdoQvR",Sat Nov 09 03:27:04 +0000 2024,1855089698886029722
15,Bloomberg Crypto,Stocks rose at the end of their best week in 2024 amid solid consumer sentiment data and bets that Donald Trump’s promises of tax cuts will further benefit corporations: Here’s your Evening Briefing https://t.co/NJxAOMBV7Y,Sat Nov 09 00:14:07 +0000 2024,1855041140707205207
16,Bloomberg Crypto,"With Donald Trump and most of the crypto industry's favored congressional candidates victorious, the stage appears set for a rush of digital-asset mergers https://t.co/4frb2O2N3U",Fri Nov 08 23:56:57 +0000 2024,1855036820758655368
17,Bloomberg Crypto,"Trump said his first days in office will focus on tariffs, immigration and deregulation. Here's what our economists expect to happen https://t.co/ptg4MS8Q03",Fri Nov 08 23:27:38 +0000 2024,1855029441304416742
18,Bloomberg Crypto,The founder of a cryptocurrency mixing service known as Bitcoin Fog was ordered to serve 12 1/2 years in prison for laundering tens of millions of dollars from darknet markets that sold illegal drugs https://t.co/lVfiqBCAPY,Fri Nov 08 23:06:47 +0000 2024,1855024197245788570
19,Bloomberg Crypto,"Lawyers Richard Farley and Norm Champ are among contenders to replace Gary Gensler as chair of the US Securities and Exchange Commission, according to people with knowledge of the matter https://t.co/HdR8EAdzpj",Fri Nov 08 22:25:12 +0000 2024,1855013730339144149
20,Bloomberg Crypto,"All year, a slew of Wall Street pros have questioned the durability of an indiscriminate risk rally that has fattened stock prices by trillions of dollars, sent Bitcoin soaring, fueled a credit bonanza, and more. https://t.co/CQlnvLFl3D",Fri Nov 08 21:57:35 +0000 2024,1855006779895058779
21,Bloomberg Crypto,"What does Donald Trump’s win mean for his personal fortune? On today’s Big Take podcast, @LamoneyTom and @davidgura break down why the outlook for his businesses has never been better. https://t.co/knbEwar0fN",Fri Nov 08 20:25:18 +0000 2024,1854983555400561118
22,Bloomberg Crypto,JPMorgan Asset Management is gearing up for the next round of the active ETF industry’s growth https://t.co/24nhJxIfwl,Fri Nov 08 19:44:11 +0000 2024,1854973211009499345
23,Bloomberg Crypto,Spain’s 'Hurricane Katrina moment' is a cautionary tale for other countries as insurance losses to reach in excess of €3.5 billion ($3.8 billion): Here's your Evening Briefing Europe https://t.co/qF5UxoejSU,Fri Nov 08 18:28:49 +0000 2024,1854954240650670434
24,Bloomberg Crypto,"The crypto industry spent more than $100 million this election cycle to back over 50 candidates. So far, they've all won https://t.co/LPATvLtjUp",Fri Nov 08 17:48:25 +0000 2024,1854944074886701407
25,Bloomberg Crypto,BlackRock's spot-Bitcoin ETF has surpassed the size of its gold fund amid record demand for ETFs that invest in the original cryptocurrency https://t.co/tUoYOFcCGq,Fri Nov 08 17:22:19 +0000 2024,1854937506048770399
26,Bloomberg Crypto,Traders Bet on Financial Rumspringa https://t.co/pAdBRahbeJ,Fri Nov 08 16:54:58 +0000 2024,1854930624227774490
27,Bloomberg Crypto,Stablecoin issuer Tether said it completed the funding of its first crude oil transaction in the Middle East as part of a plan to become a lender in commodities trading https://t.co/hR4DB3WMtW,Fri Nov 08 15:43:36 +0000 2024,1854912666034110686
28,Bloomberg Crypto,"Canada's IPO market has been dead for 20 months, but at last there are signs of life. Read Bay Street Edition, our weekly newsletter on Canadian finance. https://t.co/spDaVNuRCD",Fri Nov 08 14:46:58 +0000 2024,1854898410890965046
29,Bloomberg Crypto,"Crypto’s biggest political action committees spent $135 million to support their favored candidates. In 48 races called so far, they're undefeated https://t.co/xTnNQZlpT0",Fri Nov 08 13:34:33 +0000 2024,1854880187701211640
30,Bloomberg Crypto,"Bloomberg Crypto is on Telegram ⤵️

Join our channel for the latest news and analysis from the crypto universe: 
https://t.co/1p6XhDuVkd https://t.co/q33vVaAtgF",Fri Nov 08 13:13:03 +0000 2024,1854874777304863153
31,Bloomberg Crypto,Rethinking Those Trump Trades Has Already Begun https://t.co/Qc8DfVcc1j,Fri Nov 08 11:33:24 +0000 2024,1854849697648689474
32,Bloomberg Crypto,The crypto industry made a $135 million bet on the election. It paid off spectacularly https://t.co/3HCzSbSKl0,Fri Nov 08 10:15:45 +0000 2024,1854830158437310470
33,Bloomberg Crypto,"US Bitcoin ETFs posted a record net inflow of $1.38 billion, bolstered by President-elect Donald Trump’s embrace of the digital-asset industry https://t.co/MsCBfrTwSt",Fri Nov 08 07:09:31 +0000 2024,1854783290344878210
34,Bloomberg Crypto,"On this episode of Merryn Talks Money, we discuss what the Republican’s second term means for the US, the UK and Tesla CEO Elon Musk https://t.co/d0mNjCKIqZ",Fri Nov 08 05:18:13 +0000 2024,1854755282783506804
35,Bloomberg Crypto,Get up to speed on what's moving global markets https://t.co/qeNvc6RZen,Thu Nov 07 23:37:27 +0000 2024,1854669525783871745
36,Bloomberg Crypto,"Trump's election sent some tokens soaring, but that's not quite enough for a 'DeFi renaissance,' @MuyaoShen writes in the @Crypto newsletter https://t.co/pFLOxWPoYm",Thu Nov 07 22:31:06 +0000 2024,1854652826959433805
37,Bloomberg Crypto,Shares of Block fell around 10% in late trading after the digital payments company posted third-quarter revenue that was below analysts’ forecasts https://t.co/8KcijedzQE,Thu Nov 07 22:06:03 +0000 2024,1854646523495133639
38,Bloomberg Crypto,What does Donald Trump’s return to the White House mean for Australia? Find out in today's edition of Australia Briefing with @amy_bainbridge for the best of Bloomberg from our region and beyond. https://t.co/E2oZsH0ifi,Thu Nov 07 21:41:24 +0000 2024,1854640319196749895
39,Bloomberg Crypto,A large and growing capital exodus was the catalyst behind the German government’s decision to finally pull the plug on its fractious three-way coalition: Here's Your Evening Briefing https://t.co/xiPMYoYP1S,Thu Nov 07 18:31:31 +0000 2024,1854592535647158631
40,Bloomberg Crypto,Billionaires who stayed loyal to Trump are set to play an extraordinary role in his second administration https://t.co/dr2pknNqsJ,Thu Nov 07 18:29:21 +0000 2024,1854591988332437987
41,Bloomberg Crypto,The likely departure of SEC Chair Gary Gensler following Donald Trump’s victory in the presidential race is sparking a rally in cryptocurrencies that were previously identified as unregistered securities by the agency https://t.co/59WhKiAtSr,Thu Nov 07 18:06:18 +0000 2024,1854586187739971954
42,Bloomberg Crypto,A French trader who made millions of dollars on Polymarket bets that Donald Trump would win the US presidential election may have profited more than initially estimated https://t.co/eNhiAH8RLP,Thu Nov 07 17:35:36 +0000 2024,1854578461160911249
43,Bloomberg Crypto,The stock-market euphoria that followed Donald Trump’s presidential victory saw traders snap up risk-asset ETFs https://t.co/cAOEOlyKQy,Thu Nov 07 16:54:09 +0000 2024,1854568029318701483
44,Bloomberg Crypto,Donald Trump is positioned to reap the financial rewards of his remarkable political comeback. Read The Big Take https://t.co/GtoaFG3wfL,Thu Nov 07 16:17:52 +0000 2024,1854558900214755476
45,Bloomberg Crypto,Galaxy Digital posted its largest trading day of the year on Wednesday as interest in crypto surged in conjunction with Donald Trump’s election victory https://t.co/Ed0CoGG9e5,Thu Nov 07 15:53:51 +0000 2024,1854552855375479187
46,Bloomberg Crypto,Members of the alternative cryptocurrency universe whose once-improbable ETF ambitions now suddenly look more hopeful under a Trump administration https://t.co/jkBhejbcCb,Thu Nov 07 13:07:08 +0000 2024,1854510899190440120
47,Bloomberg Crypto,Binance founder Changpeng Zhao reflects on everything from his investment in X to bad prison food in an exclusive interview. https://t.co/tY5VeeW7Rx,Thu Nov 07 12:25:30 +0000 2024,1854500423475831000
48,Bloomberg Crypto,The bond market sends a warning on Trump's inflationary policies and Wall Street sees US interest rates staying higher for longer Get expert insights in the Markets Daily newsletter. https://t.co/MyQjuKcUpG,Thu Nov 07 11:46:02 +0000 2024,1854490491741405284
49,Bloomberg Crypto,France’s gambling regulator is examining the operations of cryptocurrency-based prediction markets platform Polymarket following a surge in user demand around the US election https://t.co/gvsNgEWMIp,Thu Nov 07 11:22:36 +0000 2024,1854484593816076752
50,Bloomberg Crypto,"On this episode of Trillions, we introduce you to the “ghost pepper” of Bitcoin-tied exchange-traded funds https://t.co/kQyGQg342E",Thu Nov 07 09:09:55 +0000 2024,1854451200965390384
51,Bloomberg Crypto,Here's how President-elect Donald Trump is already reshaping the crypto market https://t.co/rAKnRfHijr,Thu Nov 07 08:07:36 +0000 2024,1854435522183041533
52,Bloomberg Crypto,"Trump Trades still aren't fully priced in, says @johnauthers. Cabinet picks, tariff frictions and overseas surprises leave plenty of room to run https://t.co/pnHMlT7aJK",Thu Nov 07 05:31:45 +0000 2024,1854396301565186492
53,Bloomberg Crypto,"NEW: Trump just helped the world's top ten richest people get even more richer. $64 billion richer, according to the Bloomberg Billionaires Index.

Elon Musk alone added $26.5 billion to his pot. See the full list https://t.co/9XCmTB5IW9",Thu Nov 07 05:15:13 +0000 2024,1854392139163058195
54,Bloomberg Crypto,"""Donald Trump doesn't distinguish between foes and allies on trade issues."" In this week's India Edition, @menakadoshi talks to experts on what his return as US president could mean for India's economy and growth (Free read) https://t.co/cOmen0zbWy",Thu Nov 07 05:12:35 +0000 2024,1854391474592293062
55,Bloomberg Crypto,Get up to speed on what's moving global markets https://t.co/u77WjTgOP5,Wed Nov 06 23:45:06 +0000 2024,1854309060402668016
56,Bloomberg Crypto,"The crypto industry poured millions of dollars into the presidential and congressional races, but its most salient election victory is likely to be the departure of US Securities and Exchange Commission Chair Gary Gensler. https://t.co/ucnPqrTB3t",Wed Nov 06 23:18:33 +0000 2024,1854302380986192075
57,Bloomberg Crypto,Here's what you need to know to start your day https://t.co/2lcGzBlU1q,Wed Nov 06 22:26:05 +0000 2024,1854289178822906129
58,Bloomberg Crypto,"Gary Wang, a computer programmer who helped build the FTX crypto empire, asked a federal judge to spare him from prison because of his role as a key witness at the fraud trial against Sam Bankman-Fried https://t.co/X7EraVvMjY",Wed Nov 06 21:54:56 +0000 2024,1854281337068224895
59,Bloomberg Crypto,Donald Trump’s victory in the race for the White House is set to inspire companies that have stuck to the sidelines to go public in the US as soon as next year. https://t.co/bYaoy0wD4O,Wed Nov 06 20:56:20 +0000 2024,1854266589404684702
60,Bloomberg Crypto,"Many people involved in crypto markets had reason to gloat about Donald Trump’s win, but one closely watched French trader’s bets are poised to pay out millions of dollars on the election’s outcome https://t.co/VCfNOxJsA7",Wed Nov 06 18:11:27 +0000 2024,1854225098154099114
61,Bloomberg Crypto,"With the election of Donald Trump, the self-declared king of debt, interest rates are likely going much higher from here. https://t.co/FB21y6lYSN",Wed Nov 06 17:45:01 +0000 2024,1854218444595491064
62,Bloomberg Crypto,Nine Thoughts About What Just Happened and What’s Coming Next https://t.co/f0mXLbcIyQ,Wed Nov 06 17:42:43 +0000 2024,1854217864149971078
63,Bloomberg Crypto,Wall Street billionaire Michael Novogratz sprawled out on his bed with two phones and a pair of laptops as the election maps began to fill in blue and red Tuesday night https://t.co/6ClZ77SBCo,Wed Nov 06 17:34:08 +0000 2024,1854215705597472991
64,Bloomberg Crypto,Traders who lavished billions of dollars on a slew of ETF bets that would win big in the event of a Trump presidential comeback are seeing their wagers pay off https://t.co/4JEhU1ub5g,Wed Nov 06 17:14:06 +0000 2024,1854210662173397226
65,Bloomberg Crypto,"Bitcoin jumped to a record high in response to Donald Trump emerging victorious over Democratic rival Kamala Harris in the US presidential election.

@CarolineHydeTV explains https://t.co/bag184Vy49 https://t.co/wTzeYM0Zfr",Wed Nov 06 16:51:58 +0000 2024,1854205093433782527
66,Bloomberg Crypto,Prediction websites nailed the outcome of the US election https://t.co/Ufg2SlPTAV,Wed Nov 06 16:10:39 +0000 2024,1854194695850594749
67,Bloomberg Crypto,"Stocks hit all-time highs, bond yields jumped and the dollar saw its biggest surge since March 2020 as investors reacted to Trump's win https://t.co/5nwRLq4Uyg",Wed Nov 06 15:02:00 +0000 2024,1854177418656805043
68,Bloomberg Crypto,Futures suggest that the record-breaking rally in Bitcoin triggered by Donald Trump’s victory in the US presidential election may just be getting started https://t.co/EH9nBQ7WHE,Wed Nov 06 14:51:08 +0000 2024,1854174685086224490
69,Bloomberg Crypto,"A risk-on frenzy enveloped financial assets as Donald Trump clinched the White House for a second term, decisively winning what had been seen as a neck-and-neck race https://t.co/3ze1GPtHVX",Wed Nov 06 14:29:03 +0000 2024,1854169126060593478
70,Bloomberg Crypto,Donald Trump has been elected the 47th president of the United States and the so-called ‘Trump Trade’ is surging. @wbenjaminson and @sarahsholder break down exactly what happened on Election Night. https://t.co/2Yjq8i6RkW,Wed Nov 06 13:46:29 +0000 2024,1854158415808856312
71,Bloomberg Crypto,"Investors bracing for President Trump 2.0 know two things: The new administration will seek to ram through his “Make America Great Again” agenda, and the ensuing bill could be sky-high. https://t.co/dFpPIZB09H",Wed Nov 06 13:34:13 +0000 2024,1854155326691430871
72,Bloomberg Crypto,Crypto advocates took a victory lap on Wednesday as the vast amounts of money they poured into the US elections yielded huge dividends https://t.co/DjEcdOEAAv,Wed Nov 06 13:11:07 +0000 2024,1854149514665382103
73,Bloomberg Crypto,Here's what you need to know to start your day https://t.co/YmJf4NhETv,Wed Nov 06 12:15:40 +0000 2024,1854135560060711075
74,Bloomberg Crypto,"Trump's victory culminates one of the most stunning comebacks in American political history. As he heads back to the White House, he’ll be operating with even fewer restraints. https://t.co/QV2qPbAFXf",Wed Nov 06 11:41:55 +0000 2024,1854127065198412212
75,Bloomberg Crypto,The Return of Trump Is the Driving Force in Stocks and Bonds https://t.co/mRsbgVfgAk,Wed Nov 06 11:20:18 +0000 2024,1854121626788364593
76,Bloomberg Crypto,"Donald Trump won the US presidential election, according to Fox and CNN https://t.co/18xkxJQkKN",Wed Nov 06 10:47:24 +0000 2024,1854113346162708499
77,Bloomberg Crypto,"With Donald Trump on the cusp of a US election victory, shares in his media company, Trump Media, surged as investors touted the stock across social media platforms https://t.co/SVlogOp74z",Wed Nov 06 09:56:05 +0000 2024,1854100432026579144
78,Bloomberg Crypto,Republican nominee Donald Trump is on the cusp of recapturing the White House after a fiercely contested US election: Here’s your Evening Briefing https://t.co/EO3oen6SGv,Wed Nov 06 09:34:05 +0000 2024,1854094899009720504
79,Bloomberg Crypto,"Republican Bernie Moreno unseated the incumbent Democrat in Ohio’s senate race, a major win for crypto companies that had funneled millions of dollars into his campaign https://t.co/ZZxSPbZg7W",Wed Nov 06 09:16:32 +0000 2024,1854090480138486218
80,Bloomberg Crypto,"M&amp;S boosts profits despite budget uncertainty, Persimmon maintains home forecasts and markets react to the US election -- get briefed ahead of your morning calls with The London Rush https://t.co/eht0Rw82EK",Wed Nov 06 08:54:48 +0000 2024,1854085010069803498
81,Bloomberg Crypto,Bank Indonesia said it stands ready to act to steady the rupiah from excessive volatility as Donald Trump’s early lead in the US presidential race spurs dollar strength https://t.co/l4gEkSzrNu,Wed Nov 06 08:33:09 +0000 2024,1854079562264559982
82,Bloomberg Crypto,"As the votes piled up in key swing states in Donald Trump's favor, all the tried-and-true Trump Trade plays erupted https://t.co/ky2mr2eyRX",Wed Nov 06 07:52:38 +0000 2024,1854069364527358087
83,Bloomberg Crypto,"Traders put on the Trump trade, says @johnauthers, thought better of it, and then dove back once the results started to come in https://t.co/nUOXE3Hnf5",Wed Nov 06 07:30:43 +0000 2024,1854063851525767523
84,Bloomberg Crypto,Here's what you need to know to start your day https://t.co/EgNmKlu4xc,Wed Nov 06 07:10:13 +0000 2024,1854058690535391524
85,Bloomberg Crypto,JPMorgan will soon offer instant settlement for foreign-exchange conversions between the dollar and the euro via its Kinexys blockchain platform and plans to add sterling to the service over time https://t.co/ndU0ercQhu,Wed Nov 06 06:48:58 +0000 2024,1854053342319714469
86,Bloomberg Crypto,Elecciones de EE.UU. al minuto https://t.co/U0HuSZzOvq,Wed Nov 06 06:13:30 +0000 2024,1854044420171092398
87,Bloomberg Crypto,"Democratic incumbent Sherrod Brown loses the Ohio Senate race against Republican Bernie Moreno, according to Fox and NBC https://t.co/6NvsCfwvXc",Wed Nov 06 04:39:47 +0000 2024,1854020833842196614
88,Bloomberg Crypto,Small caps advanced as Trump jumped out to an early Electoral College lead over Harris https://t.co/9KiKFFoWZ1,Wed Nov 06 04:11:30 +0000 2024,1854013717844807936
89,Bloomberg Crypto,"Asian stocks outside of Japan declined in early trading, dragged down by losses in Hong Kong-listed Chinese technology shares as Donald Trump took an early lead in the US presidential election https://t.co/EouF2WOm6I",Wed Nov 06 03:38:49 +0000 2024,1854005490910466209
90,Bloomberg Crypto,"Bitcoin rises to an all-time high as traders watch the US election results. 

Our election map is tracking how prediction and financial markets are moving alongside the vote count ⤵️
https://t.co/v8oXLBhnXf https://t.co/AMvOM1vlsQ",Wed Nov 06 03:12:34 +0000 2024,1853998885745652116
91,Bloomberg Crypto,"With polls closed in in more than two-thirds of states, stocks, the US dollar, and yields rise on an early Trump lead.

Get live markets updates ⤵️
https://t.co/sLuXBOeWQt",Wed Nov 06 02:37:04 +0000 2024,1853989950548492651
92,Bloomberg Crypto,"With polls closed in in more than two-thirds of states, stocks, the US dollar, and yields rise on an early Trump lead.

Get live markets updates ⤵️
https://t.co/Tk2N4akIcZ",Wed Nov 06 02:36:31 +0000 2024,1853989814648946933
93,Bloomberg Crypto,Democracy and the economy weighed heavily on the minds of voters as they cast their ballots in the 2024 presidential election https://t.co/kyxKqqhTpk,Wed Nov 06 01:24:33 +0000 2024,1853971700624359459
94,Bloomberg Crypto,Follow the latest developments in global markets https://t.co/6VUdRSsP7J,Tue Nov 05 23:59:33 +0000 2024,1853950310361772144
95,Bloomberg Crypto,Bitcoin held onto its biggest gain in a week as traders around the world awaited results of a US presidential election that pits digital-asset supporter Donald Trump against Kamala Harris https://t.co/jbVuqyRQkr,Tue Nov 05 23:44:21 +0000 2024,1853946487719215412
96,Bloomberg Crypto,"The crypto industry is already filling its political warchest for the 2026 midterms, @Olgakharif writes in the @Crypto newsletter https://t.co/cAaOCrfqHG",Tue Nov 05 22:18:20 +0000 2024,1853924838831767837
97,Bloomberg Crypto,A Live Experiment in Prediction Markets https://t.co/igV3Ri31UE,Tue Nov 05 18:51:42 +0000 2024,1853872836047163398
98,Bloomberg Crypto,"Election Day has arrived. Bloomberg News is tracking how prediction and financial markets are moving alongside the vote count in this live map ⤵️
https://t.co/JWVy1QCh87",Tue Nov 05 18:30:52 +0000 2024,1853867595318870032
99,Bloomberg Crypto,"Some investors are betting that the race to protect stock portfolios from volatility around the US election will fade, a pattern that’s often seen following potentially market-moving events. https://t.co/ks9sK0CQXE",Tue Nov 05 17:47:06 +0000 2024,1853856580388733032
100,Bloomberg Crypto,"After generally underperforming Bitcoin during much of this year, smaller cryptocurrencies such as Doge and Solana may end up having the most at stake following the conclusion of the US presidential election https://t.co/SpDF8Z9XjZ",Tue Nov 05 15:20:44 +0000 2024,1853819746958950468
101,Bloomberg Crypto,Trump or Harris Trades? Wall Street Is Ready to Find Out https://t.co/hAovJRjWva,Tue Nov 05 12:06:07 +0000 2024,1853770768577954056
102,Bloomberg Crypto,"As traders around the world brace for a close US vote, here's what you need to know across markets https://t.co/P9YfKSfYnA",Tue Nov 05 11:42:25 +0000 2024,1853764806018232447
103,Bloomberg Crypto,US exchange-traded funds investing in Bitcoin recorded their highest daily net outflow to date as markets brace for Election Day https://t.co/ZZzcHwB0Lr,Tue Nov 05 07:38:22 +0000 2024,1853703389755904288
104,Bloomberg Crypto,The predictions-betting platform Polymarket has been paying US-based social media influencers to promote election betting on the site — even though it’s barred from letting anyone in the country use the tool to place wagers https://t.co/SH4qNNekLY,Tue Nov 05 05:55:19 +0000 2024,1853677454365282637
105,Bloomberg Crypto,Get up to speed on what's moving global markets https://t.co/N7eIjeyc7s,Mon Nov 04 23:13:08 +0000 2024,1853576241250472247
106,Bloomberg Crypto,World leaders are ready to pivot depending on the US election outcome. Here are the global stakes of a Trump or Harris victory https://t.co/G6xZcB5QDa,Mon Nov 04 22:19:55 +0000 2024,1853562849492173021
107,Bloomberg Crypto,"The battle for control of the US Congress has topped $10 billion, a potentially historic sum ahead of a big tax fight https://t.co/GOQiVdS3BX",Mon Nov 04 21:05:45 +0000 2024,1853544184038211779
108,Bloomberg Crypto,"Even before the US presidential election results are in, Andreessen Horowitz has pledged more than $23 million to the political action committee Fairshake to support crypto-friendly candidates during the 2026 midterms https://t.co/1RrGy75BBr",Mon Nov 04 19:11:34 +0000 2024,1853515449192898854
109,Bloomberg Crypto,"As US election results trickle in, some investors will be watching margins and tweaking their bets until sunrise.

Read The Big Take ⬇️
https://t.co/sjxAyuGlKB",Mon Nov 04 18:23:04 +0000 2024,1853503246242824261
110,Bloomberg Crypto,What’s Next for Uranium After the Big Price Surge https://t.co/RGuzjonC7v,Mon Nov 04 16:05:14 +0000 2024,1853468558354731464
111,Bloomberg Crypto,Sign up for the Bloomberg Crypto newsletter for industry updates and analysis delivered straight to your inbox https://t.co/pyFVqosexf https://t.co/EM7KwCeH4B,Mon Nov 04 15:13:09 +0000 2024,1853455448659136903
112,Bloomberg Crypto,Online election-betting platforms have entered the big leagues with the 2024 presidential vote https://t.co/oVmnZZKgGL,Mon Nov 04 14:37:36 +0000 2024,1853446502259024310
113,Bloomberg Crypto,"Standard Chartered’s crypto storage business Zodia Custody is in talks to $50 million of fresh capital, with plans to assemble a more diverse array of backers https://t.co/u1yELb3V2A",Mon Nov 04 11:50:12 +0000 2024,1853404375776886895
114,Bloomberg Crypto,A gauge of the dollar fell the most since late September and Treasury futures rose as polling data ahead of Tuesday’s US elections prompted some investors to pare Trump trades https://t.co/TvTnODHxVA,Mon Nov 04 11:05:28 +0000 2024,1853393119133278465
115,Bloomberg Crypto,Bitcoin speculators are bracing for potentially pronounced market volatility in the aftermath of Election Day in the US https://t.co/PDS6x4PW7z,Mon Nov 04 08:13:58 +0000 2024,1853349958386078036
116,Bloomberg Crypto,"Prediction markets just pulled a November Surprise on Trump, says @johnauthers, while an Iowa poll suggests a bigger one to come https://t.co/9TgeZGgoTU",Mon Nov 04 06:49:55 +0000 2024,1853328806741713332
117,Bloomberg Crypto,Get up to speed on what's moving global markets https://t.co/aZxqnELivs,Sun Nov 03 23:10:23 +0000 2024,1853213160683020406
118,Bloomberg Crypto,"As election results trickle in, some investors will be watching margins and tweaking their bets until sunrise https://t.co/jTqmsPr9PU",Sun Nov 03 20:15:42 +0000 2024,1853169201608855846
119,Bloomberg Crypto,Wall Street options traders from stocks to crypto are hedging against higher volatility around the US election. https://t.co/Evdhz0nRES,Sun Nov 03 19:22:42 +0000 2024,1853155865487917512
120,Bloomberg Crypto,"Get top analysis on the latest stock, bond, crypto, commodities, big tech and retail trends with Markets Live Pulse 👇

Hear from investors each week about what matters in markets. For the freshest insight, see the latest MLIV Pulse: https://t.co/G9mTqfBLtR https://t.co/jYz6cgpbtR",Sun Nov 03 11:50:04 +0000 2024,1853041954902135050
121,Bloomberg Crypto,"Bloomberg Crypto is on Telegram ⤵️

Join our channel for the latest news and analysis from the crypto universe: 
https://t.co/x4mYmOB8bb https://t.co/Q6KDwPTNLY",Sat Nov 02 18:12:06 +0000 2024,1852775710386991214
122,Bloomberg Crypto,What the US presidential election means for Wall Street https://t.co/acSu8nXp5O,Sat Nov 02 12:11:30 +0000 2024,1852684960479490398
123,Bloomberg Crypto,"The wife of Zhu Su, the co-founder of collapsed cryptocurrency hedge fund Three Arrows Capital, has managed to sell a mansion she owns in Singapore for $38.5 million, despite a court-imposed freeze against some of the couple’s other assets. https://t.co/5gvrJkVH69",Sat Nov 02 02:11:17 +0000 2024,1852533910694936830
124,Bloomberg Crypto,Sign up for the Bloomberg Crypto newsletter for industry updates and analysis delivered straight to your inbox https://t.co/5uSHLd5juY https://t.co/9WwwroWgCh,Fri Nov 01 23:47:07 +0000 2024,1852497630057652542
125,Bloomberg Crypto,"For markets bolstered by dovish central banks, expanding economies and receding inflation, the news as November begins is how vulnerable they’ve become https://t.co/lwjSlkhPbq",Fri Nov 01 20:45:40 +0000 2024,1852451968867811691
126,Bloomberg Crypto,A French national who sought to exploit the frenzy for nonfungible tokens in 2022 by selling his “Mutant Ape Planet” digital assets avoided prison for a scheme prosecutors said defrauded investors of more than $2.9 million https://t.co/jgUnFRb4PH,Fri Nov 01 19:54:33 +0000 2024,1852439101384839184
127,Bloomberg Crypto,"Trump's World Liberty disclosed that its $300 million token offering is primarily being marketed offshore, with fewer than 350 US investors buying in so far https://t.co/2GgZ9YlUdT",Fri Nov 01 19:08:53 +0000 2024,1852427612053819628
128,Bloomberg Crypto,The two-fund race to create the US market’s most volatile ETF rages on https://t.co/uJb6P3NFAM,Fri Nov 01 18:43:11 +0000 2024,1852421142801170775
129,Bloomberg Crypto,"Three years ago a BC court handed Edward Rogers a huge victory in his fight with his family. Now he's in control. What have Rogers Communications investors gained? Read Bay Street Edition, our newsletter from Canada. https://t.co/m8UErfv5Hs",Fri Nov 01 13:48:20 +0000 2024,1852346940966465826
130,Bloomberg Crypto,"Superscrypt, a blockchain venture capital company backed by Temasek, plans to raise up to $100 million for its second investment fund https://t.co/Q3tQ13N4Op",Fri Nov 01 13:21:07 +0000 2024,1852340091697451191
131,Bloomberg Crypto,Bitcoin is having a big year. That's not true for all corners of crypto https://t.co/jpb8MZWpOk,Fri Nov 01 11:12:03 +0000 2024,1852307611950940438
132,Bloomberg Crypto,"The $120 billion cryptocurrency Tether has gained traction in European, Middle Eastern and African time zones, a study suggests https://t.co/HE4K7CrkBJ",Fri Nov 01 10:06:42 +0000 2024,1852291166936486239
133,Bloomberg Crypto,Here's what you need to know to start your day https://t.co/vKudIxqdYh,Fri Nov 01 06:45:22 +0000 2024,1852240496761917639
134,Bloomberg Crypto,"Investors now expect the Magnificent Seven to deliver on AI, says @johnauthers, while the UK feels the ruthless efficiency of the Bond Inquisition https://t.co/I6gTfHT5m4",Fri Nov 01 05:06:46 +0000 2024,1852215687126687870
135,Bloomberg Crypto,Bitcoin’s push toward a record high is fizzling as pro-crypto Republican nominee Donald Trump’s election odds drop in betting markets https://t.co/2ZHycEceOA,Fri Nov 01 02:38:13 +0000 2024,1852178301751525608
136,Bloomberg Crypto,President-elect Donald Trump is tapping Cantor Fitzgerald CEO Howard Lutnick to lead the Commerce Department https://t.co/xNEE4Uf5vb,Tue Nov 19 23:37:32 +0000 2024,1859018199485796716
137,Bloomberg Crypto,Get up to speed on what's moving global markets https://t.co/xjE0vGso6U,Tue Nov 19 23:14:18 +0000 2024,1859012354836443168
138,Bloomberg Crypto,"Xi Jinping urged care in maintaining Australia-China ties and said the Asian country is ready to buy more high-quality Australian products. Read today's Australia Briefing by @richhend, for your daily dose of the best of Bloomberg. https://t.co/PxWaojRYWh",Tue Nov 19 22:51:03 +0000 2024,1859006504453513562
139,Bloomberg Crypto,"In this edition of the Bloomberg @crypto newsletter, Ryan Weeks explains why a16z crypto wants you to care about token rights and dilution https://t.co/MArTIj3ugQ",Tue Nov 19 22:18:30 +0000 2024,1858998312772198659
140,Bloomberg Crypto,A record-breaking crypto rally born in the US is leaving its mark on Asia https://t.co/onhByFxKF4,Tue Nov 19 21:40:40 +0000 2024,1858988789042934220
141,Bloomberg Crypto,The Bill Hwang tapes and chats: How 72 hours of confusion across Wall Street cost banks $10 billion https://t.co/Kh10Hud68h,Tue Nov 19 21:16:36 +0000 2024,1858982735131423119
142,Bloomberg Crypto,Galaxy Digital Head of Firmwide Research Alex Thorn says the availability of options for iShares Bitcoin Trust ETF (IBIT) has a big effect on the market and says investors could take larger positions in the spot market https://t.co/SXMN73xkc2 https://t.co/IMk6gNxHYc,Tue Nov 19 20:54:54 +0000 2024,1858977272763453560
143,Bloomberg Crypto,"Goldman Sachs Group is speaking with potential partners as it plans to spin out its digital-assets platform into a new company for large financial firms to create, trade and settle financial instruments via blockchain technology https://t.co/tKeRqRiS7y https://t.co/Z08kaPidkS",Tue Nov 19 20:47:57 +0000 2024,1858975523235303884
144,Bloomberg Crypto,"Delta Blockchain Fund Founder Kavita Gupta says we could see Bitcoin at $125K to $150K in 2025, but is more excited about Ethereum https://t.co/cFh42f3S2J https://t.co/ZFzU9UU6hG",Tue Nov 19 20:27:14 +0000 2024,1858970308343955515
145,Bloomberg Crypto,"The availability of options on the $43 billion iShares Bitcoin Trust is likely to reduce volatility and increase the investor base for the original cryptocurrency, according to Galaxy Digital’s Alex Thorn https://t.co/rVa7ojMbXc",Tue Nov 19 19:21:30 +0000 2024,1858953768550691177
146,Bloomberg Crypto,The US Treasury flagged potential risks from any cross-border payments systems that fail to adhere to standards aimed at minimizing illicit activity https://t.co/b6iUsCQrzG,Tue Nov 19 17:54:31 +0000 2024,1858931875617620063
147,Bloomberg Crypto,Sign up for the Bloomberg Crypto newsletter for industry updates and analysis delivered straight to your inbox https://t.co/Pxgkx4LoC2 https://t.co/xN1jZUzCEH,Tue Nov 19 17:31:07 +0000 2024,1858925990581358990
148,Bloomberg Crypto,"Bloomberg Crypto is on Telegram ⤵️

Join our channel for the latest news and analysis from the crypto universe: 
https://t.co/nM8kFFuupG https://t.co/78WhaAsHha",Tue Nov 19 14:38:05 +0000 2024,1858882442284716425
149,Bloomberg Crypto,"The top US prosecutor in Manhattan has privately told people he’ll step down before Donald Trump is inaugurated in January, marking the end of his tenure aggressively prosecuting crimes across Wall Street https://t.co/JjgfYMXTW3",Tue Nov 19 13:33:17 +0000 2024,1858866136311304589
150,Bloomberg Crypto,Robinhood Markets agrees to buy TradePMR as the online brokerage seeks to target a wider swath of wealthier investors https://t.co/QjWpQwjIuK,Tue Nov 19 13:11:01 +0000 2024,1858860531815231821
151,Bloomberg Crypto,Here's what you need to know to start your day https://t.co/BSQ5CxGelP,Tue Nov 19 12:17:46 +0000 2024,1858847130011550155
152,Bloomberg Crypto,"Europe has been a losing trade for years, and now the trend may get even worse. Find out what's moving markets in today's Markets Daily https://t.co/5M4k0fdBIL",Tue Nov 19 11:48:54 +0000 2024,1858839865518944261
153,Bloomberg Crypto,"Pre-election jitters didn't derail third-quarter earnings, says @johnauthers. While you were voting, Corporate America made money. https://t.co/xeWE473rnD",Tue Nov 19 05:26:46 +0000 2024,1858743700005827001
154,Bloomberg Crypto,"Bitcoin is back in the vicinity of an all-time peak, supported by a salvo of developments highlighting the US's deepening embrace of crypto under Donald Trump https://t.co/2sEvDX6IFZ",Tue Nov 19 00:47:58 +0000 2024,1858673538082750870
155,Bloomberg Crypto,A crypto miner agrees to pay a $4 million penalty to settle US Securities and Exchange Commission allegations that it engaged in a scheme to bribe Japanese officials https://t.co/cfBu9E4mmY,Tue Nov 19 00:25:33 +0000 2024,1858667895615578450
156,Bloomberg Crypto,Here's all you need to know about what's moving markets. https://t.co/oBM4X95yZF,Mon Nov 18 23:12:43 +0000 2024,1858649568281333830
157,Bloomberg Crypto,Here's what you need to know to start your day https://t.co/bpHNiv0dyT,Mon Nov 18 22:03:19 +0000 2024,1858632101672751265
158,Bloomberg Crypto,"Nasdaq Head of ETP Listings Alison Hennessy discusses the iShares Bitcoin Trust ETF (IBIT) and tells @EricBalchunas the intent is to list and trade Bitcoin ETF options ""as early as tomorrow"" https://t.co/smCYb7696B https://t.co/rqEa8SrtYj",Mon Nov 18 21:42:10 +0000 2024,1858626780975743214
159,Bloomberg Crypto,Shares of Bakkt more than doubled after a report said that President-elect Donald Trump’s Trump Media is in “advanced talks” to acquire the digital-asset marketplace https://t.co/GVN9Zes5mM,Mon Nov 18 21:29:49 +0000 2024,1858623669825572905
160,Bloomberg Crypto,"Bloomberg Crypto is on Telegram ⤵️

Join our channel for the latest news and analysis from the crypto universe: 
https://t.co/dyzGpiTJH9 https://t.co/0WqwiLLyrs",Mon Nov 18 20:15:06 +0000 2024,1858604869390598395
161,Bloomberg Crypto,The woman who dubbed herself the “Crocodile of Wall Street” and “Razzlekhan” in rap videos was ordered to serve 18 months behind bars for helping her hacker husband launder cryptocurrency he stole from the Bitfinex exchange. https://t.co/17Ug19SQWj,Mon Nov 18 19:44:38 +0000 2024,1858597199648616915
162,Bloomberg Crypto,Sign up for the Bloomberg Crypto newsletter for industry updates and analysis delivered straight to your inbox https://t.co/B42vu5AG3H https://t.co/GZ6Z9ved2q,Mon Nov 18 19:26:09 +0000 2024,1858592551286026600
163,Bloomberg Crypto,"Nasdaq is planning to list options on BlackRock’s Bitcoin exchange-traded fund, possibly as soon as Tuesday, allowing investors to use derivatives to bet on or against the world’s largest digital asset. https://t.co/gr0jp7EjyZ",Mon Nov 18 18:33:08 +0000 2024,1858579209385361525
164,Bloomberg Crypto,"Goldman Sachs is speaking with potential partners as it plans to spin out its digital-assets platform into a new company for large financial firms to create, trade and settle financial instruments via blockchain technology. https://t.co/uq3XsfyDZK",Mon Nov 18 14:22:38 +0000 2024,1858516167901556805
165,Bloomberg Crypto,"MicroStrategy bought about 51,780 Bitcoin for around $4.6 billion, the largest purchase by the crypto hedge-fund proxy since it began acquiring the digital-asset more than four years ago. https://t.co/8A0Dgp2S6H",Mon Nov 18 13:24:47 +0000 2024,1858501609849761842
166,Bloomberg Crypto,Here's what you need to know to start your day https://t.co/9kyj3SYi4j,Mon Nov 18 12:15:37 +0000 2024,1858484204394188958
167,Bloomberg Crypto,Bitcoin posted its biggest two-day retreat over the weekend since the US election amid a bout of caution in markets as traders assess the potential impact of President-elect Donald Trump’s policy agenda https://t.co/pLVIJ2OlmZ,Mon Nov 18 01:30:34 +0000 2024,1858321869356531808
168,Bloomberg Crypto,"NEW: AI hysteria has largely played out in the stock market. Now debt bankers want to get in on the $1 trillion payday.

Read The Big Take ⬇️ https://t.co/E4uJIr4tHh",Mon Nov 18 01:07:44 +0000 2024,1858316122249982151
169,Bloomberg Crypto,Here are five notable charts to consider in global commodity markets as the week gets underway https://t.co/1p2FOCyvKW,Mon Nov 18 00:25:23 +0000 2024,1858305465899159742
170,Bloomberg Crypto,Here's all you need to know about what's moving markets https://t.co/leL8k0dlqV,Sun Nov 17 22:56:04 +0000 2024,1858282990880669790
171,Bloomberg Crypto,Here's what you need to know to start your day https://t.co/DqkrTxrEQt,Sun Nov 17 21:48:12 +0000 2024,1858265908793249812
172,Bloomberg Crypto,The COP29 summit and Trump's election are revving up the climate change debate. Finance chiefs join the discussion in the latest CFO Briefing https://t.co/pYNRMaKAtM,Sun Nov 17 21:17:43 +0000 2024,1858258237201563859
173,Bloomberg Crypto,Sign up for the Bloomberg Crypto newsletter for industry updates and analysis delivered straight to your inbox https://t.co/CYWyYMPqJb https://t.co/LOL34pcoU0,Sun Nov 17 19:43:09 +0000 2024,1858234439832146051
174,Bloomberg Crypto,"Bloomberg Crypto is on Telegram ⤵️

Join our channel for the latest news and analysis from the crypto universe: 
https://t.co/kPtrlunXO4 https://t.co/hBuDyOkkLh",Sun Nov 17 15:34:06 +0000 2024,1858171762980078012
175,Bloomberg Crypto,"The definitive US election outcome removed a huge political uncertainty in the world’s largest economy, muting demand for everyone’s favorite safe-haven investment: gold https://t.co/3isK8UnYFo",Sun Nov 17 15:02:34 +0000 2024,1858163830125129799
176,Bloomberg Crypto,"Only about a dozen companies, led by Apple and Alphabet, hold more assets in their corporate treasuries than Bitcoin-bull MicroStrategy https://t.co/R0rm71bL71",Sat Nov 16 16:08:31 +0000 2024,1857818039552549035
177,Bloomberg Crypto,Sign up for the Bloomberg Crypto newsletter for industry updates and analysis delivered straight to your inbox https://t.co/ebmGHMldmr https://t.co/hHGtNOWJ1d,Sat Nov 16 14:23:06 +0000 2024,1857791509686288580
178,Bloomberg Crypto,"The day after devastating floods in Valencia, lawmakers made controversial changes in how the state broadcaster is run. Here's the Brussels Edition https://t.co/3Id3F2DPRw",Sat Nov 16 11:18:29 +0000 2024,1857745046675640522
179,Bloomberg Crypto,"Russia, ranked the most corrupt of the world’s biggest economies, is intensifying a crackdown on graft that has risked undermining the Kremlin’s invasion of Ukraine and strained state coffers https://t.co/y8DoZFh5Bj",Sat Nov 16 09:14:35 +0000 2024,1857713868753035767
180,Bloomberg Crypto,Stock investors sobered up this week as Fed Chair Jerome Powell’s go-slow message on interest-rate cuts cooled the Trump trade euphoria that drove Wall Street to records https://t.co/xKhNnXQzFU,Fri Nov 15 22:16:55 +0000 2024,1857548360904839459
181,Bloomberg Crypto,Sign up for the Bloomberg Crypto newsletter for industry updates and analysis delivered straight to your inbox https://t.co/aTY9r2qi7F https://t.co/UOXy7kxBX8,Fri Nov 15 22:04:08 +0000 2024,1857545143580053688
182,Bloomberg Crypto,The Bill Hwang tapes and chats: How 72 hours of confusion across Wall Street cost banks $10 billion https://t.co/H7Nf6ZwfUr,Fri Nov 15 21:26:26 +0000 2024,1857535657058447372
183,Bloomberg Crypto,An Ohio man who laundered more than $300 million of Bitcoin on behalf of drug traffickers and other criminals was sentenced to three years in prison https://t.co/WAQU6TB01N,Fri Nov 15 17:39:50 +0000 2024,1857478630948983176
184,Bloomberg Crypto,"Alberta Finance Minister Nate Horner chose the most dramatic way possible to show who's in charge at Aimco: He turned up at a leadership offsite to sack the CEO. Read more in Bay Street Edition, our weekly newsletter. https://t.co/yAFVz2yz0I",Fri Nov 15 15:22:58 +0000 2024,1857444185197994483
185,Bloomberg Crypto,The insatiable appetite for investor-friendly assets has helped push total net inflows into US ETFs to over $910 billion https://t.co/QK6yihZr0l,Fri Nov 15 13:38:55 +0000 2024,1857418003719070117
186,Bloomberg Crypto,"Norway can wait with digital central bank money, a committee says https://t.co/IZy9l9a2yp",Fri Nov 15 12:44:39 +0000 2024,1857404345542688782
187,Bloomberg Crypto,The stock market rally is cooling off but investors can't get enough of Bitcoin. Find out more in today's Markets Daily https://t.co/rwony23y2F,Fri Nov 15 11:56:07 +0000 2024,1857392129871384856
188,Bloomberg Crypto,"Investors should start putting more money into stocks outside the US heading into next year, according to Bank of America strategists. https://t.co/BuzakrrQfT",Fri Nov 15 11:30:58 +0000 2024,1857385802935779384
189,Bloomberg Crypto,"China’s economy showed signs of rebalancing, indicating Beijing’s recent stimulus efforts have boosted beleaguered sectors like consumption: Here’s your Evening Briefing https://t.co/JgWhY6ldrP",Fri Nov 15 09:26:28 +0000 2024,1857354469777768729
190,Bloomberg Crypto,"Bloomberg Crypto is on Telegram ⤵️

Join our channel for the latest news and analysis from the crypto universe: 
https://t.co/ej5X9vcimB https://t.co/cZEmELHJQ8",Fri Nov 15 07:16:06 +0000 2024,1857321662108086562
191,Bloomberg Crypto,Stablecoin payments company BVNK is in early talks with investors to raise a new funding round as excitement over its corner of the crypto market builds following a landmark acquisition by Stripe https://t.co/aSgoNjQtCX,Fri Nov 15 06:31:13 +0000 2024,1857310366797017473
192,Bloomberg Crypto,"Bloomberg Crypto is on Telegram ⤵️

Join our channel for the latest news and analysis from the crypto universe: 
https://t.co/MCHyLFBI1j https://t.co/DuzL2QcMMX",Fri Nov 15 00:34:04 +0000 2024,1857220489128579419
193,Bloomberg Crypto,"Bitcoin has surged since the US election on optimism over President-elect Trump’s agenda.

In this episode of the Big Take podcast, is the rally a sign of things to come? Or are we looking at another boom-bust cycle for crypto https://t.co/WQOiZG5CzC https://t.co/bVYi5vlOcv",Thu Nov 14 23:00:12 +0000 2024,1857196866229633446
194,Bloomberg Crypto,Get up to speed on what's moving global markets https://t.co/hZ0cHnYlCw,Thu Nov 14 22:57:53 +0000 2024,1857196281577292259
195,Bloomberg Crypto,DeFi’s Sky-High Yields Return in Crypto’s Euphoria https://t.co/UJ4Q6ESs1K,Thu Nov 14 22:31:54 +0000 2024,1857189742418309568
196,Bloomberg Crypto,Sign up for the Bloomberg Crypto newsletter for industry updates and analysis delivered straight to your inbox https://t.co/wdyACII36v https://t.co/ANasNzd68v,Thu Nov 14 22:23:07 +0000 2024,1857187532686934095
197,Bloomberg Crypto,The mastermind behind one of the biggest-ever Bitcoin heists was ordered to serve 5 years in prison https://t.co/kJzmjWs1n6,Thu Nov 14 22:17:52 +0000 2024,1857186214232633415
198,Bloomberg Crypto,El Salvador Taps Bond Market as IMF Said to Visit Next Month https://t.co/AsoEg4yyJg,Thu Nov 14 21:46:05 +0000 2024,1857178213098615281
199,Bloomberg Crypto,"Tether, the world’s largest digital asset company, is getting into the tokenization of stocks, bonds, funds and commodities https://t.co/p42ELyvUXC",Thu Nov 14 20:29:15 +0000 2024,1857158876568691045
200,Bloomberg Crypto,Donald Trump's reelection is reshaping the outlook for investments. How long can the effect on markets last? https://t.co/3OBILZuEjI,Thu Nov 14 19:14:47 +0000 2024,1857140136150024410
201,Bloomberg Crypto,The record-breaking rally in Bitcoin since Donald Trump’s US presidential election victory is beginning to show signs of slowing in the derivatives market https://t.co/P6EJXhfox3,Thu Nov 14 18:54:08 +0000 2024,1857134941697630602
202,Bloomberg Crypto,An ally of Donald Trump in the Senate has a plan for filling up the president-elect’s proposed strategic Bitcoin stockpile without adding to the government deficit: Sell off some of the Fed’s gold. https://t.co/1i9BrQg5In,Thu Nov 14 17:39:01 +0000 2024,1857116038749471228
203,Bloomberg Crypto,Italy's biggest bank is expanding the remit of its digital assets desk to handle spot trades with cryptocurrencies https://t.co/vqqpqaVfxT,Thu Nov 14 16:53:32 +0000 2024,1857104592288305174
204,Bloomberg Crypto,"The entity behind the satirical news site the Onion, along with families of the Sandy Hook Elementary School shooting victims, are buying right-wing provocateur Alex Jones’ Infowars website https://t.co/mP7gjV4UUm",Thu Nov 14 15:37:40 +0000 2024,1857085497543168070
205,Bloomberg Crypto,Gary Gensler is making a final pitch for how the SEC should be allowed to regulate crypto markets ahead of the incoming Trump administration and its enthusiasm for digital assets https://t.co/gHyPWr5c3e,Thu Nov 14 15:09:43 +0000 2024,1857078465029083367
206,Bloomberg Crypto,Here's what you need to know to start your day https://t.co/FX03wwaoY7,Thu Nov 14 13:02:29 +0000 2024,1857046446291218607
207,Bloomberg Crypto,It's been getting a bit crowded for lunch in Hong Kong's financial district and we can now confidently say why. Popular Thai-restaurant chain Samsen has finally opened a branch in Central. Check it all out in our Hong Kong Edition newsletter. https://t.co/Q7K97EUyB5,Thu Nov 14 09:01:33 +0000 2024,1856985813403173204
208,Bloomberg Crypto,"Burberry turns to outerwear for 'course correct', WH Smith grows in North America and Reeves plans a pension megafund -- get briefed ahead of your morning calls with The London Rush https://t.co/fHDCOGNEWe",Thu Nov 14 08:52:20 +0000 2024,1856983494741667940
209,Bloomberg Crypto,"The British government will seek to combat the lure of a Donald Trump-led US to the cryptocurrency industry by setting out its plans to regulate the sector this month, an effort to reassure firms about their UK prospects https://t.co/sEqV3Awqru",Thu Nov 14 05:37:41 +0000 2024,1856934507070562339
210,Bloomberg Crypto,"Inflation has stopped falling and needs finesse to handle it properly, says @johnauthers. Here comes Donald Trump https://t.co/D8jbvKPPJl",Thu Nov 14 05:31:45 +0000 2024,1856933016704069829
211,Bloomberg Crypto,How an internet joke became a government enigma. What to know about Trump's new initiative https://t.co/gop9qYt8Gz,Thu Nov 14 04:13:39 +0000 2024,1856913359297278126
212,Bloomberg Crypto,The US Justice Department is investigating crypto predictions-betting platform Polymarket for allegedly accepting trades from US-based users https://t.co/JAQUGLmGv1,Wed Nov 13 23:30:50 +0000 2024,1856842188128473145
213,Bloomberg Crypto,Get up to speed on what's moving global markets https://t.co/axPQcULFZi,Wed Nov 13 23:19:19 +0000 2024,1856839289486602557
214,Bloomberg Crypto,"Bitcoin briefly spiked above $93,000 as expectations of further Federal Reserve rate cuts added to the impetus from President-elect Donald Trump’s pro-crypto stance https://t.co/FPNvo2jHfE",Wed Nov 13 22:53:09 +0000 2024,1856832705696002355
215,Bloomberg Crypto,"Gary Wang, the ex-coding chief at FTX who is scheduled to be sentenced on Nov. 20, has created “tools” to help the US government detect other instances of fraud, prosecutors said as they pushed for a lenient sentence https://t.co/j4JFshxUyp",Wed Nov 13 22:15:23 +0000 2024,1856823199323099219
216,Bloomberg Crypto,"Australia’s wage growth slowed in the third quarter, underscoring that RBA's next move in interest rates will be down. Read this story and more in today's edition of the Australia Briefing with @georgiemckay4. https://t.co/IrYRsFEyne",Wed Nov 13 21:47:53 +0000 2024,1856816277450338654
217,Bloomberg Crypto,Jeff Talpins’ Element Capital built a stake in ETFs tracking the S&amp;P 500 that was worth about $2 billion at the end of September — trades that paid off when Donald Trump recaptured the White House https://t.co/yMdSRvpeBb,Wed Nov 13 20:12:48 +0000 2024,1856792352154656846
218,Bloomberg Crypto,"The Trump Trade is losing steam. Now it's all about the economy, the inflation and the Fed. And that puts risk assets in rally mode, with Treasuries under pressure. https://t.co/aSU8TISjMA",Wed Nov 13 19:06:36 +0000 2024,1856775691905425738
219,Bloomberg Crypto,Trump's tariffs and deportation plans will run up against an economy still spinning from inflation's effects https://t.co/um4TrMGFjy,Wed Nov 13 18:21:59 +0000 2024,1856764461136441355
220,Bloomberg Crypto,"Retail brokerage Robinhood is adding cryptocurrencies Solana, Cardano, XRP and Pepe to its slate of tokens available for US users https://t.co/SJnutO7WMd",Wed Nov 13 16:52:57 +0000 2024,1856742057340964984
221,Bloomberg Crypto,Galaxy Digital’s Michael Novogratz said there is a low likelihood that the US will set up a Bitcoin strategic reserve as proposed by President-elect Donald Trump https://t.co/8vcZuFnaPS,Wed Nov 13 16:25:25 +0000 2024,1856735126475911626
222,Bloomberg Crypto,"A surge in Bitcoin that paused earlier Wednesday is regaining steam, sending the original cryptocurrency above $90,000 for the first time https://t.co/GAd9BPPaUZ https://t.co/Sr8XLUm3XR",Wed Nov 13 14:40:08 +0000 2024,1856708633628971186
223,Bloomberg Crypto,MicroStrategy is powering returns in the $310 billion market for US convertible bonds on the back of Bitcoin’s historic advance https://t.co/yDkToxeDrZ,Wed Nov 13 14:06:50 +0000 2024,1856700252809580581
224,Bloomberg Crypto,"Bitcoin has surged since the US election on optimism over President-elect Trump’s agenda.

In this episode of the Big Take podcast, is the rally a sign of things to come? Or are we looking at another boom-bust cycle for crypto https://t.co/gdgcPK6GYx https://t.co/2AA0WLdmKN",Wed Nov 13 13:35:05 +0000 2024,1856692261444018519
225,Bloomberg Crypto,The America First trade is heaping pressure on almost every market outside the US. Find out more in today's Markets Daily https://t.co/PwlVuReoA1,Wed Nov 13 12:02:48 +0000 2024,1856669036337086938
226,Bloomberg Crypto,"Worries around overheating stocks took over the narrative on Tuesday, underscoring the sense of froth in risky parts of the market that had surged after Trump’s decisive election victory https://t.co/cAhU4jGuWE",Wed Nov 13 11:41:50 +0000 2024,1856663761303605699
227,Bloomberg Crypto,Here's what you need to know to start your day https://t.co/0fe9Ro1v6G,Wed Nov 13 11:25:49 +0000 2024,1856659732460675214
228,Bloomberg Crypto,"Senator Elizabeth Warren is about to become the top Democrat on the Banking Committee, though Republicans will dominate the panel https://t.co/k9CoNwYemG",Wed Nov 13 10:08:15 +0000 2024,1856640210953453835
229,Bloomberg Crypto,China wants to know how to boost foreign appetite for its stocks. Officials are said to increase meetings with global banks to get feedback on the country’s efforts to shore up growth.: Here’s your Evening Briefing https://t.co/wz7lv2gVxY,Wed Nov 13 09:25:59 +0000 2024,1856629575142219848
230,Bloomberg Crypto,"Thames Water gets key creditor backing for rescue plan, SSE's key flagship delayed and geopolitical instability boosts Babcock -- get briefed ahead of your morning calls with The London Rush https://t.co/k8D5WEbkF3",Wed Nov 13 08:39:12 +0000 2024,1856617798480380205
231,Bloomberg Crypto,"🎙️ Donald Trump is back.

Listen to the Big Take Asia Podcast to find out how countries across Asia are bracing for everything from higher tariffs to potential geopolitical flare-ups https://t.co/V9UwQwsyk5",Wed Nov 13 07:21:56 +0000 2024,1856598354593018324
232,Bloomberg Crypto,Here's what you need to know to start your day https://t.co/2tSJidTcSB,Wed Nov 13 06:42:35 +0000 2024,1856588452176744603
233,Bloomberg Crypto,Venture capital investment in the cryptocurrency sector fell significantly in the third quarter even as anticipation for a more favorable US digital-asset landscape grew https://t.co/aIgMpfIhon,Wed Nov 13 05:58:04 +0000 2024,1856577247664038218
234,Bloomberg Crypto,"As crypto stages a monster rally, an early adopter and American expatriate known as ""Bitcoin Jesus"" awaits word in Spain on whether he will be expedited to face US tax fraud charges https://t.co/52qGbySspw",Wed Nov 13 05:37:53 +0000 2024,1856572170870075421
235,Bloomberg Crypto,"Crypto exchange-traded fund issuer Bitwise Asset Management has acquired Attestant, an Ethereum staking service in a bid to expand beyond its core businesses https://t.co/sDfSakPCWw",Wed Nov 13 05:17:27 +0000 2024,1856567026669511110
236,Bloomberg Crypto,A surge in Bitcoin has paused as traders assess the remaining market impact of President-elect Donald Trump’s rhetorical support for crypto https://t.co/zoiRxCAfcE,Wed Nov 13 01:53:24 +0000 2024,1856515678502572309
237,Bloomberg Crypto,"Elon Musk and Vivek Ramaswamy will lead a new Department of Government Efficiency tasked to “dismantle Government Bureaucracy, slash excess regulations, cut wasteful expenditures, and restructure Federal Agencies,” Donald Trump says https://t.co/yTMFsxhxEV",Wed Nov 13 01:33:06 +0000 2024,1856510569358008523
238,Bloomberg Crypto,"BREAKING: Billionaire Elon Musk and entrepreneur Vivek Ramaswamy will lead a new Department of Government Efficiency, Trump says https://t.co/OtN2HXmo7D https://t.co/4Puuw5ffA0",Wed Nov 13 01:07:45 +0000 2024,1856504189184012577
239,Bloomberg Crypto,Get up to speed on what's moving global markets https://t.co/WFQSGZyEEx,Tue Nov 12 23:22:01 +0000 2024,1856477579714191551
240,Bloomberg Crypto,"On today’s Big Take podcast, Bloomberg’s @s_m_i and @davidgura break down whether Donald Trump is likely to usher in a new era in crypto — or if the industry is in the midst of another boom-bust cycle. https://t.co/4iQoR0QUBM",Tue Nov 12 23:00:41 +0000 2024,1856472213550952872
241,Bloomberg Crypto,"Even with the Bitcoin bull market back in full force, crypto remains forever changed as the industry marks the two-year anniversary of FTX's fall, @EmilyJNicolle writes in the @Crypto newsletter. https://t.co/xUtEnElsvV",Tue Nov 12 22:31:36 +0000 2024,1856464891005026451
242,Bloomberg Crypto,"After plowing at least $132 million into Trump’s re-election, the richest man in the world is about to treat the US government as if it were a money-losing social network https://t.co/zBNU923dMf",Tue Nov 12 22:31:26 +0000 2024,1856464848835535199
243,Bloomberg Crypto,"Australian consumer sentiment is up, while business confidence is at its highest level since early last year, a new survey shows. Read this story and more in today's edition of Australia Briefing with @amy_bainbridge, the best of Bloomberg from our region and beyond.",Tue Nov 12 22:03:46 +0000 2024,1856457886873882929
244,Bloomberg Crypto,Here's what you need to know to start your day https://t.co/rTZHbHprR3,Tue Nov 12 21:57:36 +0000 2024,1856456337493729516
245,Bloomberg Crypto,The US isn’t through trying to seize crypto tied to Sam Bankman-Fried a year after he was convicted of masterminding a massive fraud at his FTX exchange. https://t.co/nENh3k0GLV,Tue Nov 12 21:31:43 +0000 2024,1856449821130870787
246,Bloomberg Crypto,"Following recent enthusiasm about crypto's prospects under President-elect Donald Trump, we're seeing Elon Musk-backed Dogecoin up about 50% in the past five days. Bloomberg's @Reganonymous has more https://t.co/OoYpM3yvUz https://t.co/Mxu3ioegUj",Tue Nov 12 21:07:56 +0000 2024,1856443837381742908
247,Bloomberg Crypto,"MARA CEO Fred Thiel says it's difficult to move crypto mining operations, and doesn't expect to see international miners getting up and moving to the US even if it has better crypto regulation in the future https://t.co/o4VjkN1thI https://t.co/SjXHJMbdfu",Tue Nov 12 21:02:45 +0000 2024,1856442532818792654
248,Bloomberg Crypto,"Following recent enthusiasm about crypto's prospects under President-elect Donald Trump, we're seeing Elon Musk-backed Dogecoin up about 50% in the past five days. Bloomberg's @Reganonymous has more https://t.co/4xFHHFcOki https://t.co/O1GfpIvK2m",Tue Nov 12 20:59:18 +0000 2024,1856441663045923197
249,Bloomberg Crypto,"Coinbase Chief Policy Officer Faryar Shirzad says that the cryptocurrency rally after the US election is an example of what happens when you have ""demagoguing politicians who pick on a group of Americans who are trying to build an industry"" https://t.co/H8ojxKwBqU https://t.co/0NQN3VYu1h",Tue Nov 12 20:55:40 +0000 2024,1856440750738702495
250,Bloomberg Crypto,"The crypto industry spent about $135M in the 2024 election cycle to back more than 50 candidates. In the Nov. 5 races, 48 of 48 candidates backed by crypto’s biggest political action committees were declared winners as of Friday morning. @FolaAk reports https://t.co/gnVnaa1HWI https://t.co/rJYPu3xzLO",Tue Nov 12 20:35:24 +0000 2024,1856435648472678536
251,Bloomberg Crypto,"""I’d be lying if I said I didn’t look up Lamborghinis, Aston Martins and other fast cars,"" one trader said as Bitcoin soared. https://t.co/Ws0ixlirnu",Tue Nov 12 18:36:06 +0000 2024,1856405625997046113
252,Bloomberg Crypto,"Italy's government is poised to water down a proposed tax increase on crypto trades, sources say https://t.co/W6ieKjwN1E",Tue Nov 12 18:13:20 +0000 2024,1856399899455049921
253,Bloomberg Crypto,"Keir Starmer leant into the climate challenge at COP, while other world leaders didn't even turn up. Get the Readout with @PronouncedAlva. https://t.co/wxTseRnaPe",Tue Nov 12 17:32:13 +0000 2024,1856389551331082625
254,Bloomberg Crypto,El Salvador is offering to buy back dollar bonds for the third time this year as President Nayib Bukele gets a fresh lift from Bitcoin’s rally and the US election results. https://t.co/4L0Ddtkecp,Tue Nov 12 17:08:05 +0000 2024,1856383476779405627
255,Bloomberg Crypto,"To the head of one of Indonesia’s biggest clothing companies, the US-China trade war was an “opportunity.” It turned out to be a disaster for the nation’s apparel industry. Read it here in The Brink. https://t.co/1UNhZuHJGP",Tue Nov 12 16:20:50 +0000 2024,1856371585633939810
256,Bloomberg Crypto,"The richest digital-asset tycoons have gained about $70 billion in wealth since the end of 2022, propelled in recent days by Donald Trump’s US election win. https://t.co/hjk6tv3315",Tue Nov 12 13:21:40 +0000 2024,1856326497239548372
257,Bloomberg Crypto,Elon Musk’s day-trading fan club is on a buying spree in some of the most speculative parts of the market https://t.co/4zftHf2HY4,Tue Nov 12 12:59:03 +0000 2024,1856320807166755074
258,Bloomberg Crypto,Here's what you need to know to start your day https://t.co/nS7G8in6FS,Tue Nov 12 12:38:25 +0000 2024,1856315611225231693
259,Bloomberg Crypto,"K-pop is staging a comeback in China, but it may be short-lived if Donald Trump escalates tensions with Beijing https://t.co/ciFSJZspZP",Tue Nov 12 12:17:50 +0000 2024,1856310432299937838
260,Bloomberg Crypto,"Stocks and Bitcoin are running out of steam, but there's still a strong case for a year-end catch-up rally. Get expert insights in today's Markets Daily https://t.co/WRXPE2Yn6s",Tue Nov 12 11:57:27 +0000 2024,1856305302947410418
261,Bloomberg Crypto,The Wall Street CEO raising his hand to run Trump’s economy https://t.co/uRL0xbxAML,Tue Nov 12 11:35:11 +0000 2024,1856299699264688258
262,Bloomberg Crypto,"The main elements of Donald Trump’s foreign policy are becoming clear as he puts together his team for a second term: squeeze Iran, support Israel, confront China https://t.co/bkWZbdMPtP",Tue Nov 12 11:14:03 +0000 2024,1856294382757954003
263,Bloomberg Crypto,"Trump is poised to appoint well-known China hawks including Marco Rubio to key roles in his administration, signaling a more adversarial relationship with Beijing in the years ahead: Here’s your Evening Briefing. https://t.co/K68OJX8bky",Tue Nov 12 09:10:06 +0000 2024,1856263189500969305
264,Bloomberg Crypto,Here's what you need to know to start your day https://t.co/yDEhBupkJj,Tue Nov 12 06:52:30 +0000 2024,1856228559523549260
265,Bloomberg Crypto,"President-elect Donald Trump has started to choose the people who he wants to implement his “America first” policies on the border, trade, economy and more.

From Susie Wiles to Marco Rubio, take a look at some of the people Trump is picking or set to pick https://t.co/sLaaEgu2WK",Tue Nov 12 06:29:44 +0000 2024,1856222831840759957
266,Bloomberg Crypto,"There was once a great post-election stock-market rally just like Trump's, says @johnauthers. The year was 1928 https://t.co/FJceULsscR",Tue Nov 12 05:54:46 +0000 2024,1856214030483935595
267,Bloomberg Crypto,"Donald Trump Jr. is joining 1789 Capital, a venture capital firm that invests in conservative-leaning companies, according to people familiar with his plans https://t.co/Bz6atxP4bI",Tue Nov 12 03:51:39 +0000 2024,1856183045923188791
268,Bloomberg Crypto,"After a rapid cooling in Chinese tech stocks on cloudy domestic macro prospects and rising geopolitical risk, investors are looking to major earnings reports due this week for a second wind https://t.co/ljS8RsvuCk",Tue Nov 12 01:18:08 +0000 2024,1856144413132492960
269,Bloomberg Crypto,"Bitcoin’s record-breaking rally took the digital asset past $89,000 and lifted the overall value of the crypto market above its pandemic-era peak https://t.co/kXhTzVL1yJ",Tue Nov 12 00:23:59 +0000 2024,1856130788628078800
270,Bloomberg Crypto,"Stocks rose for a fifth straight session, though a drop in technology shares offset gains in several corners of the market: Here’s your Evening Briefing https://t.co/bKrWjjZeO3",Tue Nov 12 00:03:40 +0000 2024,1856125673930121614
271,Bloomberg Crypto,Get up to speed on what's moving global markets https://t.co/wiFjfyAM8l,Mon Nov 11 23:09:44 +0000 2024,1856112101997056324
272,Bloomberg Crypto,Here's what you need to know to start your day https://t.co/m7DmkiPZn5,Mon Nov 11 22:03:36 +0000 2024,1856095457220465041
273,Bloomberg Crypto,"Bitcoin continued its relentless surge higher, climbing above $88,000 for the first time https://t.co/X9uDd5CaY0",Mon Nov 11 21:34:43 +0000 2024,1856088191616352365
274,Bloomberg Crypto,"Verde Asset Management, the Brazilian money manager run by industry veteran Luis Stuhlberger, is among those riding the Bitcoin rally sparked by Donald Trump’s return to the White House https://t.co/C8R4x2VJk6",Mon Nov 11 21:06:03 +0000 2024,1856080974376800305
275,Bloomberg Crypto,"Sam Trabucco, one of Sam Bankman-Fried’s inner circle before the collapse the FTX and Alameda Research two years ago, has agree to hand over a slew of properties, including his yacht to creditors of the failed crypto exchange. https://t.co/vj5gslzf3N",Mon Nov 11 19:58:43 +0000 2024,1856064032005935599
276,Bloomberg Crypto,The meteoric pace of the record-breaking rally in Bitcoin is making one of the most popular trades for crypto hedge funds even more lucrative than usual https://t.co/VRV36vGqed,Mon Nov 11 18:39:27 +0000 2024,1856044082876785028
277,Bloomberg Crypto,"Climate talks that convened today in Azerbaijan were always expected to be difficult, with countries at loggerheads over how to finance the investments needed to forestall global warming. Last week’s US presidential election made them even tougher: Here's Your Evening Briefing",Mon Nov 11 18:34:51 +0000 2024,1856042926100619660
278,Bloomberg Crypto,"The UK plans to begin issuing digital gilts within the next two years, as the government latches onto technology it’s been slow to embrace https://t.co/0DLjmjVAac",Mon Nov 11 18:11:04 +0000 2024,1856036937951572204
279,Bloomberg Crypto,"Today in Bloomberg Deals: Lulu IPO spotlights UAE’s India-born tycoons, Cigna rules out a Humana tie-up and Elliott partner Nabeel Bhanji leaves the activist firm https://t.co/FpvGXa9j3H",Mon Nov 11 17:46:24 +0000 2024,1856030733246333405
280,Bloomberg Crypto,Crypto PACs flexed their muscle in the election. Can its candidates advance friendly regulation? https://t.co/PQgXQLGVvo,Mon Nov 11 17:22:47 +0000 2024,1856024787174179219
281,Bloomberg Crypto,The world’s largest gold-backed exchange traded fund recorded it biggest weekly outflow in more than two years last week as Donald Trump’s decisive election win prompted traders to book profits https://t.co/ig8EplIc4c,Mon Nov 11 16:53:11 +0000 2024,1856017337343737981
282,Bloomberg Crypto,"Bitcoin options traders buoyed by Donald Trump’s election victory are already eyeing a landmark price of $100,000 for the original cryptocurrency after it surged to new heights on Sunday https://t.co/buRY0Lsd5S",Mon Nov 11 15:14:28 +0000 2024,1855992497962447202
283,Bloomberg Crypto,"Bitcoin rallied past $82,000 for the first time, boosted by President-elect Donald Trump’s embrace of digital assets and the prospect of a Congress featuring pro-crypto lawmakers https://t.co/pHQdCHVeFV",Mon Nov 11 14:59:01 +0000 2024,1855988609112821988
284,Bloomberg Crypto,"The estate of FTX has sued crypto exchange Binance and its former CEO, Changpeng Zhao, seeking to recover $1.8 billion https://t.co/wRv4yoVVuI",Mon Nov 11 14:39:41 +0000 2024,1855983741023158509
285,Bloomberg Crypto,"MicroStrategy purchased about 27,200 Bitcoin for around $2.03 billion, in one of the largest acquisitions of the digital asset by the crypto hedge-fund proxy https://t.co/wNhCgI6sO6",Mon Nov 11 13:43:00 +0000 2024,1855969479827636613
286,Bloomberg Crypto,Here's what you need to know to start your day https://t.co/sEgXhj07EV,Mon Nov 11 12:41:12 +0000 2024,1855953925389570494
287,Bloomberg Crypto,Kamala Harris' VC backers are looking for a silver lining in the incoming Trump administration https://t.co/zU6bBVA2Fx,Mon Nov 11 12:30:52 +0000 2024,1855951324140949923
288,Bloomberg Crypto,"James Fickel has dedicated $200 million he made betting on Ether to longevity science and brain research, making him perhaps the world’s biggest investor in those fields https://t.co/UMoGAXwFlQ",Mon Nov 11 12:06:21 +0000 2024,1855945157394456610
289,Bloomberg Crypto,Crypto Buying Spree Puts Bitcoin on Cusp of 100% Rally This Year https://t.co/0slNaBPerU,Mon Nov 11 11:45:43 +0000 2024,1855939961557545062
290,Bloomberg Crypto,"Pressure over tax rises for businesses builds on Rachel Reeves, and the government further trims its NatWest stake -- get briefed ahead of your morning calls with The London Rush https://t.co/7P8tWBCk0C",Mon Nov 11 08:53:25 +0000 2024,1855896604047474745
291,Bloomberg Crypto,"FTX files a lawsuit against Binance and its former CEO Changpeng Zhao, seeking to claw back almost $1.8 billion it alleges was fraudulently transferred by Sam Bankman-Fried https://t.co/zCAKJzWsRX",Mon Nov 11 08:36:52 +0000 2024,1855892436427346083
292,Bloomberg Crypto,Here's what you need to know to start your day https://t.co/IJ6P7fDUZj,Mon Nov 11 06:58:47 +0000 2024,1855867754231841236
293,Bloomberg Crypto,"Former executives at Millennium Management and Pimco are starting an advisory business in the digital-asset sector, just as the industry delights in pro-crypto Donald Trump’s reelection to the US presidency https://t.co/efc04rlAnm",Mon Nov 11 06:35:59 +0000 2024,1855862013869563990
294,Bloomberg Crypto,South Korean retail investors boosted their holdings of US stocks to more than $100 billion for the first time amid growing interest in Big Tech shares and leveraged funds https://t.co/aixPWTag10,Mon Nov 11 06:14:24 +0000 2024,1855856584905163168
295,Bloomberg Crypto,A bevy of smaller cryptocurrencies outperformed market-leader Bitcoin in recent days as enthusiasm about the sector’s prospects under President-elect Donald Trump encouraged a wave of speculative bets https://t.co/LoBYEDjKuo,Mon Nov 11 05:35:56 +0000 2024,1855846904887685244
296,Bloomberg Crypto,India's equity bulls may gain as Beijing’s latest stimulus measure underwhelm China’s stock market. Read for free with your email on what could move markets today https://t.co/ZSVr1QPvtj,Mon Nov 11 03:28:56 +0000 2024,1855814943628509532
297,Bloomberg Crypto,"NEW: Skill is hard to measure in the shadowy world of private markets. A small band of quants wants investors to give it a go.

Read The Big Take ⬇️ https://t.co/9C0LXY7hWP",Mon Nov 11 01:07:01 +0000 2024,1855779226999468412
298,Bloomberg Crypto,"In a week in which US inflation data accelerated and Donald Trump threatened some of the biggest US trading partners with aggressive tariffs, the S&amp;P 500 still comfortably beat benchmark stock gauges for both Europe and Asia https://t.co/2iuQ4wipJN",Fri Nov 29 19:20:33 +0000 2024,1862577405631590686
299,Bloomberg Crypto,ETF IQ: Nouriel Roubini (Still) Doesn’t Like Cryptocurrencies https://t.co/tJpRcOlUcz,Fri Nov 29 18:18:47 +0000 2024,1862561864023974101
300,Bloomberg Crypto,Justin Sun's $30 million investment in World Liberty Financial pushed the project over the threshold that allows the Trumps to get paid. https://t.co/4N5useIcRF,Fri Nov 29 15:55:30 +0000 2024,1862525803117867221
301,Bloomberg Crypto,"Bay Street Edition: We look at the prospect of a Canadian mortgage war, what to expect from bank earnings next week and CI Financial’s privatization plan. Plus, are you old enough to be reading this tweet? https://t.co/8Z3yP5SZyB",Fri Nov 29 14:29:02 +0000 2024,1862504045350424942
302,Bloomberg Crypto,The Ethereum blockchain is the linchpin of commercial activity in crypto but there are growing doubts about whether its dominance will last https://t.co/9g6a2MWou3,Fri Nov 29 13:23:20 +0000 2024,1862487510376489323
303,Bloomberg Crypto,A former Citi executive is betting he can persuade farmers to swap livestock auctions for his online trading platform https://t.co/Zj5ObyueMk,Fri Nov 29 10:16:19 +0000 2024,1862440444765855979
304,Bloomberg Crypto,"Controversial crypto mogul Justin Sun ate a $6.2 million banana, a spectacle that ratcheted up the spotlight on digital assets as the industry tries to keep an historic market rally on track https://t.co/RMaceiO5dD",Fri Nov 29 09:53:30 +0000 2024,1862434702956675517
305,Bloomberg Crypto,A former Citi executive is betting he can persuade farmers to swap livestock auctions for his online trading platform https://t.co/SJEZkpbbYG,Fri Nov 29 05:11:44 +0000 2024,1862363796771164397
306,Bloomberg Crypto,"US Bitcoin ETFs are on the cusp of a record monthly net inflow, bolstered by the digital asset’s historic surge toward $100,000 https://t.co/Z7SYvfYCUW",Fri Nov 29 01:52:50 +0000 2024,1862313741259297081
307,Bloomberg Crypto,Get up to speed on what's moving global markets https://t.co/rVZ1X1FpR6,Thu Nov 28 23:18:46 +0000 2024,1862274967896813969
308,Bloomberg Crypto,"A former Binance executive sued the cryptocurrency exchange in the UK for whistleblowing, claiming a colleague asked for a bribe from a customer in order to give them preferential treatment https://t.co/J0GrX4Gcw7",Thu Nov 28 09:45:42 +0000 2024,1862070354933367091
309,Bloomberg Crypto,"Bitcoin resumed a climb toward $100,000 on signs that crypto-friendly candidates will likely shape US financial rules under Donald Trump https://t.co/1eIgdKngO5",Thu Nov 28 02:57:53 +0000 2024,1861967720960401655
310,Bloomberg Crypto,Get up to speed on what's moving global markets https://t.co/sBLQ1ctWGb,Wed Nov 27 23:06:35 +0000 2024,1861909513021862319
311,Bloomberg Crypto,Bitcoin’s breakneck rally since the recent election victory of Donald Trump is piling pressure on a far-flung corner of the capital markets: small cap stocks in South Korea https://t.co/VUeBBXoK14,Wed Nov 27 22:27:22 +0000 2024,1861899647075209541
312,Bloomberg Crypto,What’s left of the inflation problem in the US is increasingly accounted for by one of Donald Trump’s favorite benchmarks — higher stock prices https://t.co/3z0aVEapHU,Wed Nov 27 21:58:10 +0000 2024,1861892298671305106
313,Bloomberg Crypto,Here's what you need to know to start your day https://t.co/WuPYVuL8gx,Wed Nov 27 21:42:47 +0000 2024,1861888423751008700
314,Bloomberg Crypto,Economist Nouriel Roubini is preparing for a world in which yields on long-dated US bonds will edge higher as Donald Trump’s policy agenda risks eroding price stability https://t.co/DoG9XXcwHU,Wed Nov 27 20:21:24 +0000 2024,1861867946156400931
315,Bloomberg Crypto,"President-elect Donald Trump’s transition team has interviewed Paul Atkins, a veteran financial regulator and eminence grise of conservative financial circles, as a candidate to lead the SEC https://t.co/hd9tQfyyzJ",Wed Nov 27 17:07:32 +0000 2024,1861819157676708116
316,Bloomberg Crypto,"Bitcoin is climbing back toward the elusive $100,000 price level again, snapping its longest losing since Trump’s presidential win triggered a rally https://t.co/HWvZLQwiig",Wed Nov 27 16:38:52 +0000 2024,1861811943750705654
317,Bloomberg Crypto,Northern Data is getting closer to a deal to sell its crypto mining operations as the company looks to capitalize on November’s Bitcoin rally https://t.co/XACXbpsit5,Wed Nov 27 16:16:47 +0000 2024,1861806385358377190
318,Bloomberg Crypto,"While altcoins have seen increasing inflows this month amid Bitcoin’s record-breaking rally, the shadow of the 2021 crypto bubble still hangs over much of the sector. https://t.co/uogLWhySqR",Wed Nov 27 14:31:08 +0000 2024,1861779797078085678
319,Bloomberg Crypto,The head of one of the world’s biggest trading firms says its time to rethink the entire US securities industry regulatory framework https://t.co/SooyZAFUUQ,Wed Nov 27 13:30:26 +0000 2024,1861764519984247237
320,Bloomberg Crypto,"The US Commodity Futures Trading Commission, the underfunded regulator overshadowed by the SEC, has a path to prominence if the incoming Trump administration revamps crypto policy and installs an industry-leaning chair https://t.co/Lf5lHix5um",Wed Nov 27 13:05:39 +0000 2024,1861758284060832114
321,Bloomberg Crypto,"From France to US to Mexico, markets are being ruled by political shifts turning into policy. https://t.co/NOzfQyJQjY",Wed Nov 27 11:53:47 +0000 2024,1861740196800204912
322,Bloomberg Crypto,The value of the stablecoin market has risen to new heights after finally regaining ground lost in the aftermath of TerraUSD’s infamous collapse in 2022 https://t.co/GxeLqHSihI,Wed Nov 27 08:50:48 +0000 2024,1861694150023725430
323,Bloomberg Crypto,Here's what you need to know to start your day https://t.co/KIzFfRw4TM,Wed Nov 27 06:36:58 +0000 2024,1861660467682218415
324,Bloomberg Crypto,"NEW: Wall Street billionaire Howard Lutnick must address the future of his sprawling business empire before he prepares for his first boss in decades as Trump’s Commerce secretary pick.

Read The Big Take ⤵️ https://t.co/oUF8ECztvD",Wed Nov 27 02:47:27 +0000 2024,1861602707858927698
325,Bloomberg Crypto,A federal appeals court ruled the US Treasury Department overstepped its authority by sanctioning cryptocurrency mixer Tornado Cash https://t.co/Qp8C9a7IgD,Wed Nov 27 00:58:41 +0000 2024,1861575336636363228
326,Bloomberg Crypto,"Bloomberg Crypto is on Telegram ⤵️

Join our channel for the latest news and analysis from the crypto universe: 
https://t.co/K23xNLgbLy https://t.co/ZzuGlglOf2",Wed Nov 27 00:08:03 +0000 2024,1861562596739924157
327,Bloomberg Crypto,US President Joe Biden announced Tuesday that Israel and Hezbollah had agreed to a cease-fire that would “end the devastating conflict” in Lebanon: Here’s your Evening Briefing https://t.co/aGzgHdoQCv,Tue Nov 26 23:46:26 +0000 2024,1861557156060725255
328,Bloomberg Crypto,Get up to speed on what's moving global markets https://t.co/JoIwP9tGhP,Tue Nov 26 23:15:12 +0000 2024,1861549293120659459
329,Bloomberg Crypto,"Some of the livestreams on https://t.co/FvtWwBsJG0 were so disturbing that even fellow memecoin traders called for the site to stop them, @emilyjnicolle writes in the @Crypto newsletter https://t.co/XRolNT05K0",Tue Nov 26 22:31:29 +0000 2024,1861538292451197220
330,Bloomberg Crypto,Here's what you need to know to start your day https://t.co/OitOmVCoz0,Tue Nov 26 22:15:59 +0000 2024,1861534393086378159
331,Bloomberg Crypto,"Bluprynt founder and CEO, and DC Fintech Week Founder and Georgetown University Professor Chris Brummer, discusses Trump's pledge to make US a crypto epicenter https://t.co/L2CM9h8WsL https://t.co/LeH3xnAkHv",Tue Nov 26 21:56:06 +0000 2024,1861529390145827108
332,Bloomberg Crypto,A handful of cryptocurrency-linked exchange-traded funds that simply track Bitcoin have attracted billions in fresh demand since the election. Bloomberg's Emily Graffeo discusses the likeliness of more altcoin ETFs and demand for crypto products https://t.co/pKdd928wcj https://t.co/seJNh9dSXU,Tue Nov 26 21:20:41 +0000 2024,1861520474095620279
333,Bloomberg Crypto,Crucible Capital General Partner Meltem Demirors says she's keeping an eye on Schwab and Vanguard entering the crypto industry https://t.co/JB3dbUiOyq https://t.co/ENqRSBihnf,Tue Nov 26 21:12:11 +0000 2024,1861518336221196754
334,Bloomberg Crypto,FTX co-founder Gary Wang has been spared from prison over his role in the multibillion dollar fraud at the cryptocurrency exchange after prosecutors praised his early cooperation in the case. Bloomberg's Ava Benny-Morrison has the story https://t.co/KhCxLVIaCt https://t.co/kgX5Yb2Ak5,Tue Nov 26 21:09:10 +0000 2024,1861517577450627483
335,Bloomberg Crypto,"As Trump considers the first crypto role in the White House and SEC Chair Gary Gensler prepares to step down in January, what can we expect from the upcoming administration? Bloomberg's Stephanie Lai has more https://t.co/XanQhhTF3A https://t.co/IM6xbCMpvj",Tue Nov 26 21:04:53 +0000 2024,1861516500047130888
336,Bloomberg Crypto,"Kraken is shutting down its NFT marketplace almost two years after the platform was launched, saying it’s shifting more resources into new products and services https://t.co/MtnmiXHmhP",Tue Nov 26 19:07:15 +0000 2024,1861486898272731626
337,Bloomberg Crypto,"Bitcoin’s record-breaking rally may only be getting started, according to one of the earliest US professional investors in the original cryptocurrency https://t.co/l9U5fTAFAM",Tue Nov 26 13:55:30 +0000 2024,1861408441262059732
338,Bloomberg Crypto,"Wall Street prognosticators tend to huddle around the consensus, afraid to stand out for fear of being wrong. Then there’s Tom Lee https://t.co/7txt8n0fSt",Tue Nov 26 12:43:39 +0000 2024,1861390360649383962
339,Bloomberg Crypto,The UK will publish a finalized set of rules for regulating the crypto industry in 2026 https://t.co/qUpHbzEhbC,Tue Nov 26 11:28:17 +0000 2024,1861371393851474207
340,Bloomberg Crypto,The ProShares UltraShort Bitcoin exchange-traded fund (SBIT) notched its highest daily inflow in a sign that the largest cryptocurrency’s recent surge might be petering out https://t.co/sh0f7FcW7X,Tue Nov 26 10:24:40 +0000 2024,1861355385031971160
341,Bloomberg Crypto,Donald Trump said he would impose additional 10% tariffs on goods from China and 25% tariffs on all products from Mexico and Canada https://t.co/bvkj1Riys8,Tue Nov 26 02:34:09 +0000 2024,1861236975769969122
342,Bloomberg Crypto,"Bitcoin posted its longest losing streak for the period since Donald Trump’s US election victory, following a failed run at $100,000 https://t.co/bNo6DSt3y2",Tue Nov 26 01:36:12 +0000 2024,1861222390534951215
343,Bloomberg Crypto,"WorldQuant hosted a Shark-Tank style contest to find new finance whiz kids, and to test out its vision for beating the markets

Read The Big Take ⤵️
https://t.co/GO5QRVr47N",Tue Nov 26 00:37:23 +0000 2024,1861207588785824197
344,Bloomberg Crypto,Get up to speed on what's moving global markets https://t.co/HwNvB5fkdg,Mon Nov 25 22:58:10 +0000 2024,1861182621335593054
345,Bloomberg Crypto,Sign up for the Bloomberg Crypto newsletter for industry updates and analysis delivered straight to your inbox https://t.co/cYKoXl2ExC https://t.co/RmMpyCPxpn,Mon Nov 25 22:24:05 +0000 2024,1861174045049282675
346,Bloomberg Crypto,Here's what you need to know to start your day https://t.co/cfGqlXfZ0u,Mon Nov 25 21:57:13 +0000 2024,1861167280882676102
347,Bloomberg Crypto,President-elect Donald Trump met at least one of his goals in naming veteran hedge fund executive Scott Bessent as Treasury secretary: keep Wall Street happy. https://t.co/hfKhtPXSPw,Mon Nov 25 21:36:03 +0000 2024,1861161955420954703
348,Bloomberg Crypto,"Justin Sun says he invested $30 million in Donald Trump’s World Liberty Financial, making him its largest investor https://t.co/gQIdxsRffF",Mon Nov 25 20:34:49 +0000 2024,1861146544969224623
349,Bloomberg Crypto,"Once again, the richest person to become US president has chosen other well-healed people for top government posts. Here's what they're supposed to do about their assets. https://t.co/VraOZS0WT2",Mon Nov 25 17:14:57 +0000 2024,1861096245617422616
350,Bloomberg Crypto,"Bloomberg Crypto is on Telegram ⤵️

Join our channel for the latest news and analysis from the crypto universe: 
https://t.co/xv63rjtxMU https://t.co/7UBnIwEA6g",Mon Nov 25 15:08:03 +0000 2024,1861064312539779419
351,Bloomberg Crypto,"With a crypto-friendly commander-in-chief returning to the White House, Wall Street is ready to unleash a new generation of speculative products across the $3.2 trillion industry https://t.co/lJaE1pzE85",Mon Nov 25 14:08:59 +0000 2024,1861049447599239531
352,Bloomberg Crypto,"MicroStrategy bought another $5.4 billion in Bitcoin, marking its third acquisition this month as the company rapidly increases its holdings https://t.co/kVBCiwTheL",Mon Nov 25 13:38:54 +0000 2024,1861041877899673674
353,Bloomberg Crypto,"The boom in artificial intelligence has propeled a Wild West-era Texas landowner to a 230% stock rally this year, making it one of the market's top performers https://t.co/lMgDUeBi0h",Mon Nov 25 13:17:09 +0000 2024,1861036403871625355
354,Bloomberg Crypto,"Crypto friendly Singapore Gulf Bank is seeking to raise $50 million in a funding round and plans to acquire a stablecoin payments company next year, sources say https://t.co/R4WkDk9xaO",Mon Nov 25 07:27:41 +0000 2024,1860948456732312024
355,Bloomberg Crypto,"NEW: Amazon wants to reduce its reliance on Nvidia. A first look inside the tech giant’s massive chip-making effort.

Read The Big Take ⤵ https://t.co/SA5caFlt6P",Mon Nov 25 00:10:40 +0000 2024,1860838478356902248
356,Bloomberg Crypto,Here's all you need to know about what's moving markets https://t.co/U1w1LsJpWV,Sun Nov 24 23:00:37 +0000 2024,1860820850057826388
357,Bloomberg Crypto,"Bitcoin retreated after a rally toward $100,000 sputtered just shy of the historic level amid warnings that investor optimism stemming from President-elect Donald Trump’s support for crypto was overdone https://t.co/EGj5ofYu0K",Sun Nov 24 22:33:54 +0000 2024,1860814126701756598
358,Bloomberg Crypto,"Trump Treasury pick may spur stocks. Read today's Australia Briefing, by @ainsley_thomson, for your daily dose of the best of Bloomberg. https://t.co/KlkuXzAkI0",Sun Nov 24 21:59:11 +0000 2024,1860805390914523528
359,Bloomberg Crypto,Here's what you need to know to start your day https://t.co/aSKFYVCC6b,Sun Nov 24 21:38:10 +0000 2024,1860800097988100241
360,Bloomberg Crypto,Sign up for the Bloomberg Crypto newsletter for industry updates and analysis delivered straight to your inbox https://t.co/PSgEUSF0VS https://t.co/ASBp4mxezc,Sun Nov 24 19:30:08 +0000 2024,1860767878523281917
361,Bloomberg Crypto,"President-elect Donald Trump’s pick to run the Commerce Department, Howard Lutnick, is aiming to strengthen his alliance with one of the most controversial names in crypto: Tether Holdings https://t.co/gWrubto69Y",Sun Nov 24 14:26:06 +0000 2024,1860691366667313526
362,Bloomberg Crypto,"President-elect Donald Trump’s pick to run the Commerce Department, Howard Lutnick, is aiming to strengthen his alliance with one of the most controversial names in crypto: Tether Holdings https://t.co/egXOmeLuqJ",Sun Nov 24 11:26:06 +0000 2024,1860646068540543101
363,Bloomberg Crypto,"Bloomberg Crypto is on Telegram ⤵️

Join our channel for the latest news and analysis from the crypto universe: 
https://t.co/9ozLJLf7wo https://t.co/8YKI2YPNIg",Sun Nov 24 09:17:04 +0000 2024,1860613596696170704
364,Bloomberg Crypto,"President-elect Donald Trump’s pick to run the Commerce Department, Howard Lutnick, is aiming to strengthen his alliance with one of the most controversial names in crypto: Tether Holdings https://t.co/SzQPxFcDOg",Sun Nov 24 08:52:03 +0000 2024,1860607299686998368
365,Bloomberg Crypto,Howard Lutnick’s Cantor Fitzgerald is said to be in negotiations with stablecoin-issuer Tether on funding for a key upcoming lending project that’s tied to Bitcoin https://t.co/UfxXqAlvah,Sun Nov 24 06:22:22 +0000 2024,1860569631460593989
366,Bloomberg Crypto,Sign up for the Bloomberg Crypto newsletter for industry updates and analysis delivered straight to your inbox https://t.co/MAa0GH7LNN https://t.co/XFzDDGbbCh,Sun Nov 24 03:33:10 +0000 2024,1860527050076954770
367,Bloomberg Crypto,"Bloomberg Crypto is on Telegram ⤵️

Join our channel for the latest news and analysis from the crypto universe: 
https://t.co/8YH9SAeL0j https://t.co/As1NpLTi1s",Sat Nov 23 11:07:07 +0000 2024,1860278903853469774
368,Bloomberg Crypto,"You can riff relentlessly on all the excuses, but none will change the fact that nothing matters as much as prices. And in the US at least, they are just too high https://t.co/YZnXxdUbeM",Sat Nov 23 06:48:22 +0000 2024,1860213785555783685
369,Bloomberg Crypto,Donald Trump says he will nominate Scott Bessent as Treasury secretary https://t.co/RecoSkwOI5,Sat Nov 23 00:26:46 +0000 2024,1860117752461053969
370,Bloomberg Crypto,"On the speculative fringes of Wall Street, the risk-taking frenzy isn’t just continuing—it’s getting bigger by the day: Here’s your Evening Briefing https://t.co/Pdtm0o1Z5F",Sat Nov 23 00:05:41 +0000 2024,1860112449082368369
371,Bloomberg Crypto,Fed Governor Michelle Bowman acknowledged the risks created by artificial intelligence but warned that regulators should also be careful not to constrict the development of useful technologies https://t.co/K5U6lsV7LL,Fri Nov 22 23:45:24 +0000 2024,1860107344790622497
372,Bloomberg Crypto,"On Wall Street’s speculative fringes, the risk-taking frenzy is only getting bigger by the day https://t.co/bE5WdByzbf",Fri Nov 22 22:07:07 +0000 2024,1860082608547262773
373,Bloomberg Crypto,The US Securities and Exchange Commission’s fines and investor relief hit an all-time record in fiscal 2024 https://t.co/3RKvfFcub5,Fri Nov 22 21:46:21 +0000 2024,1860077384268968089
374,Bloomberg Crypto,"The US government’s debt load is now seen as the biggest risk to financial stability, outweighing persistent inflation in a Federal Reserve survey https://t.co/TkS2fvZy9X",Fri Nov 22 21:23:58 +0000 2024,1860071752707010724
375,Bloomberg Crypto,This week $1.2 billion of art sold in New York. Here are the top lots https://t.co/qh3PinJRWx,Fri Nov 22 20:42:42 +0000 2024,1860061365823533493
376,Bloomberg Crypto,Coatue Management alumnus Michael Gilroy and longtime technology executive Gokul Rajaram are forming a venture firm https://t.co/gqzOcJKzJO,Fri Nov 22 19:41:13 +0000 2024,1860045893338030416
377,Bloomberg Crypto,Polymarket has blocked users in France from placing new bets on the platform amid growing scrutiny from the nation’s gambling regulator https://t.co/be6sd5Te89,Fri Nov 22 19:17:12 +0000 2024,1860039848536547760
378,Bloomberg Crypto,"Dan Gallagher, the top lawyer at Robinhood Markets, has removed himself from consideration to lead the US Securities and Exchange Commission under President-elect Donald Trump https://t.co/kuJ4Pkvqdv",Fri Nov 22 18:55:25 +0000 2024,1860034364991590805
379,Bloomberg Crypto,Cboe is set to list the first cash-settled index options related to the spot price of Bitcoin https://t.co/CSY5HcTScU,Fri Nov 22 17:12:43 +0000 2024,1860008521783206016
380,Bloomberg Crypto,A swathe of economic data out today makes for uncomfortable reading for Rachel Reeves. Get the Readout with @PronouncedAlva. https://t.co/ubwYy0cq3o,Fri Nov 22 16:44:26 +0000 2024,1860001402241585324
381,Bloomberg Crypto,The unprecedented boom in highly leveraged MicroStrategy ETFs is testing the risk appetite among some of Wall Street's key players https://t.co/5IwIbtralz,Fri Nov 22 15:42:35 +0000 2024,1859985838546759985
382,Bloomberg Crypto,The unprecedented boom highly leveraged MicroStrategy ETFs is testing the risk appetite among some key Wall Street players — the prime brokers https://t.co/8sfoGNcn3p,Fri Nov 22 15:20:01 +0000 2024,1859980160646210038
383,Bloomberg Crypto,"TD Bank's money-laundering problems destroyed CEO Bharat Masrani's legacy, but now some shareholders are asking: where's the accountability for the board? Read Bay Street Edition, our weekly newsletter. https://t.co/es6qKVx4yF",Fri Nov 22 14:49:23 +0000 2024,1859972449921601885
384,Bloomberg Crypto,"Pythagoras launched its Alpha Long Biased strategy just weeks before Bitcoin funds got regulatory approval to start trading in January. Nearly a year on, the fund has beaten Bitcoin every single month except two https://t.co/KV9QNgRQC1",Fri Nov 22 14:08:12 +0000 2024,1859962084773052699
385,Bloomberg Crypto,Donald Trump’s tariff plans have thrown indebted Africans a curve ball https://t.co/GYwsWXPOVo,Fri Nov 22 12:34:45 +0000 2024,1859938567222362285
386,Bloomberg Crypto,"With US equities beating pretty much everything over the past decade, is there any actual point spreading your bets into other markets? Find out more in today's Markets Daily https://t.co/5QZSsKX4LU",Fri Nov 22 12:12:50 +0000 2024,1859933053516177588
387,Bloomberg Crypto,Here's what you need to know to start your day https://t.co/tZhIZPAuLF,Fri Nov 22 11:51:22 +0000 2024,1859927652296958404
388,Bloomberg Crypto,Digital assets flagged as unregistered securities by the US SEC are rallying after the agency’s Chair Gary Gensler announced he will step down https://t.co/XlTNUncSfe,Fri Nov 22 07:21:29 +0000 2024,1859859731302535445
389,Bloomberg Crypto,Private financial technology giant Stripe is again buying back some of its shares and at a roughly $70 billion valuation https://t.co/nvDkqwLFcN,Fri Nov 22 01:41:15 +0000 2024,1859774110584234358
390,Bloomberg Crypto,"Bloomberg Crypto is on Telegram ⤵️

Join our channel for the latest news and analysis from the crypto universe: 
https://t.co/JiqGEepjPq https://t.co/Uht8bjHdOf",Fri Nov 22 01:21:03 +0000 2024,1859769027574308944
391,Bloomberg Crypto,Trump continues looking for just the right candidate to be the next secretary of the Treasury https://t.co/EdTg0LNysv,Fri Nov 22 00:16:21 +0000 2024,1859752744585736350
392,Bloomberg Crypto,"Bitcoin surged to nearly $100,000, driven by expectations of friendly US regulations and growing investor interest following President-elect Donald Trump's support for crypto https://t.co/5knAE9kGHG",Fri Nov 22 00:10:19 +0000 2024,1859751225148809424
393,Bloomberg Crypto,Matt Gaetz is withdrawing from consideration to be US attorney general in the first major defeat for Donald Trump: Here’s your Evening Briefing https://t.co/2kvO1XjgBV,Thu Nov 21 23:47:25 +0000 2024,1859745463785693689
394,Bloomberg Crypto,Get up to speed on what's moving global markets https://t.co/USSIXiHbVE,Thu Nov 21 23:10:52 +0000 2024,1859736265647706510
395,Bloomberg Crypto,"Global social media firms could face fines of as much as A$50 million if they don't enforce Australia's new social media ban on children under the age of 16. Read today's Australia Briefing, by @KF_wright for your daily dose of the best of Bloomberg from Down Under and elsewhere.",Thu Nov 21 22:47:06 +0000 2024,1859730282640761223
396,Bloomberg Crypto,"A Coinbase executive hopes Donald Trump's return to the White House clears the way for more memecoin listings on the largest US exchange, @Suvajourno writes in the @crypto newsletter https://t.co/1ErLEt7dLi",Thu Nov 21 22:21:21 +0000 2024,1859723804399858018
397,Bloomberg Crypto,Here's what you need to know to start your day https://t.co/GErZ12GwY1,Thu Nov 21 22:01:08 +0000 2024,1859718718034456857
398,Bloomberg Crypto,Charles Schwab’s incoming CEO says the firm is looking to offer spot cryptocurrency trading once US regulations make doing so easier https://t.co/6hA9FtbA8T,Thu Nov 21 21:35:08 +0000 2024,1859712171405455606
399,Bloomberg Crypto,"ETFs that pledge to hedge Bitcoin's epic volatility may soon be coming to Wall Street, just after a triple-digit rally that’s taken speculative euphoria to a whole new level https://t.co/gfPGehIcCE",Thu Nov 21 21:06:15 +0000 2024,1859704902286483747
400,Bloomberg Crypto,"Coinbase is ramping up its efforts in the digital-payments space, with ambitions to make additional acquisitions and generate more revenue from the business line https://t.co/9yOFGBbkIA",Thu Nov 21 20:46:04 +0000 2024,1859699825547079846
401,Bloomberg Crypto,The use of money-market fund tokens from the likes of BlackRock and Franklin Templeton as collateral in traditional derivatives trades inched closer to reality https://t.co/k3CkH0MGWl,Thu Nov 21 20:27:48 +0000 2024,1859695226194903343
402,Bloomberg Crypto,Bill Hwang’s 18-year prison sentence could be reduced to 11.5 years after his lawyer argued the punishment was too harsh for the 60-year old Archegos founder. https://t.co/U0oWHAph8Y,Thu Nov 21 20:01:17 +0000 2024,1859688554399482038
403,Bloomberg Crypto,Sign up for the Bloomberg Crypto newsletter for industry updates and analysis delivered straight to your inbox https://t.co/paFaKQpwro https://t.co/K4RTRvNS42,Thu Nov 21 19:46:08 +0000 2024,1859684741408071959
404,Bloomberg Crypto,El Salvador has a high chance of striking a staff-level agreement with the International Monetary Fund next month for about $1.4 billion https://t.co/cYrJ8HNSta,Thu Nov 21 19:19:56 +0000 2024,1859678148477993120
405,Bloomberg Crypto,The International Criminal Court's arrest warrant for Israel's prime minister over war crimes ramps up tensions: Here's your Evening Briefing Europe https://t.co/9xxLMOfkqD,Thu Nov 21 18:34:47 +0000 2024,1859666785907171522
406,Bloomberg Crypto,Bribery charges against Gautam Adani have sent his empire's stocks and bonds tumbling. The indictment's impact will also be felt globally https://t.co/OhlYhOp5Cx,Thu Nov 21 18:32:26 +0000 2024,1859666196183871495
407,Bloomberg Crypto,BREAKING: Gary Gensler plans to step down as chair of the US Securities and Exchange Commission on January 20 https://t.co/GW0GyI2kRt https://t.co/j2jDxpBJXW,Thu Nov 21 18:09:42 +0000 2024,1859660473794257020
408,Bloomberg Crypto,"US Securities and Exchange Commission Chair Gary Gensler, whose ambitious agenda drew fierce resistance from Wall Street and the crypto industry, plans to step down on Jan. 20. https://t.co/1NaHR2n4H0",Thu Nov 21 18:08:42 +0000 2024,1859660222878343599
409,Bloomberg Crypto,"The UK government will draft a regulatory framework to oversee the crypto sector early next year, a senior minister says https://t.co/D3C8Sqb9sC",Thu Nov 21 17:41:23 +0000 2024,1859653349819261128
410,Bloomberg Crypto,"MicroStrategy shares tumbled after Andrew Left’s Citron Research said in a post on X that it’s betting against the company, that has effectively transformed itself into a Bitcoin investment fund https://t.co/pBFXFzzHbZ",Thu Nov 21 16:39:39 +0000 2024,1859637813618106632
411,Bloomberg Crypto,Here's what you need to know to start your day https://t.co/Dil0P4sNSK,Thu Nov 21 12:27:35 +0000 2024,1859574376527515915
412,Bloomberg Crypto,"This week's earnings showed why Walmart shares are handily beating Target's. Plus Nvidia results and a tariff haven, in today's Markets Daily https://t.co/tm89spi3gg",Thu Nov 21 11:51:24 +0000 2024,1859565273465889250
413,Bloomberg Crypto,Klarna's planned IPO is fueling hopes that a long drought of fintech listings may be coming to an end https://t.co/wQGkU1Kn06,Thu Nov 21 10:28:05 +0000 2024,1859544306425491499
414,Bloomberg Crypto,"The Adani Group is in turmoil again with its billionaire founder indicted by US prosecutors for alleged bribery. Related shares and bonds have tanked, and a unit has scrapped a $600 million dollar bond sale: Here's your Evening Briefing https://t.co/cCj7MlL4QV",Thu Nov 21 09:24:53 +0000 2024,1859528401280745909
415,Bloomberg Crypto,"Bitcoin hit $95,000 for the first time as the digital-asset sector moves to cement its influence with Donald Trump by pushing for a new White House post dedicated to cryptocurrency policy. https://t.co/rQgWTB4WrQ",Thu Nov 21 08:57:04 +0000 2024,1859521399422910717
416,Bloomberg Crypto,US exchange-traded funds investing directly in Bitcoin surpassed $100 billion in total assets as the original cryptocurrency extended a record-breaking rally https://t.co/0w244kLSAx,Thu Nov 21 07:21:36 +0000 2024,1859497375032656302
417,Bloomberg Crypto,Here's what you need to know to start your day https://t.co/GBldQAoQaW,Thu Nov 21 07:01:24 +0000 2024,1859492292337311796
418,Bloomberg Crypto,"Bitcoin hit $95,000 for the first time as the digital-asset sector moves to cement its influence with Donald Trump by pushing for a new White House post dedicated to cryptocurrency policy. https://t.co/JOWkbBuG05",Thu Nov 21 06:57:01 +0000 2024,1859491188639711647
419,Bloomberg Crypto,"Bitcoin hit $95,000 for the first time as the digital-asset sector moves to cement its influence with Donald Trump by pushing for a new White House post dedicated to cryptocurrency policy. https://t.co/yK1XJwqrKE",Thu Nov 21 04:57:07 +0000 2024,1859461013004779675
420,Bloomberg Crypto,"Bitcoin hit $95,000 for the first time as the digital-asset sector moves to cement its influence with Donald Trump by pushing for a new White House post dedicated to cryptocurrency policy. https://t.co/QOCyQGOA5e",Thu Nov 21 03:01:08 +0000 2024,1859431827217207629
421,Bloomberg Crypto,"Bitcoin is on the cusp of hitting $95,000 as the digital-asset sector moves to cement its influence with Donald Trump by pushing for a new White House post dedicated to crypto policy https://t.co/KorGKzftZs",Thu Nov 21 01:47:04 +0000 2024,1859413187407352315
422,Bloomberg Crypto,"Exclusive: Blackstone invested more than $500 million in Lancium, which is building more than 5 gigawatts of data centers in West Texas with an eye on supplying the booming energy demand for AI https://t.co/jpM6uKds1n",Thu Nov 21 01:32:58 +0000 2024,1859409639915348300
423,Bloomberg Crypto,A piece of duct tape and a banana have sold for $6.2 million at a Sotheby’s New York art auction https://t.co/Y7HJB7pEl4,Thu Nov 21 01:19:17 +0000 2024,1859406193308979597
424,Bloomberg Crypto,Sign up for the Bloomberg Crypto newsletter for industry updates and analysis delivered straight to your inbox https://t.co/BsjteOPWWQ https://t.co/vkXmLJ9uxa,Thu Nov 21 01:04:06 +0000 2024,1859402374630043918
425,Bloomberg Crypto,Get up to speed on what's moving global markets https://t.co/0YVoUrC1jT,Mon Dec 09 22:54:59 +0000 2024,1866255251029848235
426,Bloomberg Crypto,Here's what you need to know to start your day https://t.co/skWkUa4Ook,Mon Dec 09 21:44:10 +0000 2024,1866237427343315241
427,Bloomberg Crypto,"A rally across cryptocurrencies has made winners out of a handful of firms that followed MicroStrategy’s playbook of selling convertible bonds, thanks to Donald Trump choosing a crypto-friendly financier to head the top US financial regulator. https://t.co/iEx3PO4B8y",Mon Dec 09 14:12:55 +0000 2024,1866123865841180891
428,Bloomberg Crypto,"StanChart and Virtu are among large financial companies poised to join a new London-based crypto derivatives venue, as a market rally boosts the appeal of digital currencies https://t.co/AL16Crvxpt",Mon Dec 09 13:39:58 +0000 2024,1866115574176068089
429,Bloomberg Crypto,MicroStrategy bought another $2.1 billion in Bitcoin while its combination of equity and fixed-income securities sales to finance the rapidly increasing acquisitions draws increased scrutiny. https://t.co/oeohwioxLL,Mon Dec 09 13:23:00 +0000 2024,1866111305087660211
430,Bloomberg Crypto,OpenAI is testing exactly how eager we are for the best of ChatGPT with a new $200 tier https://t.co/V64kq3m8Dp,Mon Dec 09 12:23:01 +0000 2024,1866096208009207915
431,Bloomberg Crypto,China is preparing for Trump's return with its first shift in monetary policy stance since 2011: Here’s your Evening Briefing. https://t.co/Fm2WnDQorL,Mon Dec 09 09:43:07 +0000 2024,1866055971706937477
432,Bloomberg Crypto,"Almost $10 billion has poured into US Bitcoin ETFs since Donald Trump became president-elect, in a bet that his embrace of the cryptocurrency sector heralds a boom for the market https://t.co/MQj2jCaEyR",Mon Dec 09 04:10:24 +0000 2024,1865972239197261941
433,Bloomberg Crypto,Get up to speed on what's moving global markets https://t.co/A0CRtr4CiL,Sun Dec 08 23:05:58 +0000 2024,1865895625314742469
434,Bloomberg Crypto,"Ethan Kurzweil talks AI, startups, and the world of venture capital right now https://t.co/MBeWB0GnH8",Sun Dec 08 15:59:40 +0000 2024,1865788344682106944
435,Bloomberg Crypto,"Is it all too good to be true? On Wall Street, if you have to ask that question, you probably already know the answer: Here’s your Evening Briefing https://t.co/DWKcIbRjYi",Fri Dec 06 23:29:55 +0000 2024,1865176877947601289
436,Bloomberg Crypto,"Everything you need to know about David Sacks, Donald Trump's surprise pick for AI-crypto czar. https://t.co/NibXPleeLj",Fri Dec 06 22:59:31 +0000 2024,1865169227503554572
437,Bloomberg Crypto,Bank of Montreal was the surprise winner from Canadian bank earnings season. Read why in our Bay Street Edition newsletter https://t.co/hxiSdxp1R8,Fri Dec 06 22:37:22 +0000 2024,1865163651453210943
438,Bloomberg Crypto,"There’s still more than a month until inauguration day, but Donald Trump isn’t waiting until he’s formally sworn in as president to assert himself on US foreign and domestic policy and move markets https://t.co/S1LfT6qYfj",Fri Dec 06 21:36:19 +0000 2024,1865148290540474750
439,Bloomberg Crypto,Wall Street's risk-on momentum mania has Bill Gross on the alert https://t.co/TCPgh3fDhw,Fri Dec 06 21:10:59 +0000 2024,1865141913155711231
440,Bloomberg Crypto,Increased demand for leverage to chase the rally is triggering a resurgence in crypto lending. https://t.co/ZcO1A9gaGX,Fri Dec 06 17:33:00 +0000 2024,1865087055790780534
441,Bloomberg Crypto,"The US financial system continued to face vulnerabilities from commercial real estate risk and digital assets in 2024, Treasury Secretary Janet Yellen said https://t.co/vQHP0vyoDt",Fri Dec 06 17:06:32 +0000 2024,1865080396389425526
442,Bloomberg Crypto,Trading platform eToro is working with Goldman Sachs on a potential IPO in the US. https://t.co/2M9Qp8dT29,Fri Dec 06 14:12:04 +0000 2024,1865036487902802024
443,Bloomberg Crypto,November's market rally helped push US ETF annual inflows over the $1 trillion mark for the first time. https://t.co/cA8tCg4leY,Fri Dec 06 13:36:24 +0000 2024,1865027514667614244
444,Bloomberg Crypto,Here's what you need to know to start your day https://t.co/8X4iVgGu8f,Fri Dec 06 12:52:57 +0000 2024,1865016578720379301
445,Bloomberg Crypto,"Crypto believers are enjoying a victory lap after Bitcoin surpassed $100,000 https://t.co/SeKA35mOPt",Fri Dec 06 11:16:38 +0000 2024,1864992339577458917
446,Bloomberg Crypto,"In the shadow of Bitcoin topping $100,000, a rally in Ether is building steam https://t.co/irhOwaRXdu",Fri Dec 06 10:33:39 +0000 2024,1864981522043863126
447,Bloomberg Crypto,Vertical jumps in the price of digital assets beyond Bitcoin are stirring up memories of a pandemic-era frenzy that led to an epic bust https://t.co/9QYIZMSV0K,Fri Dec 06 09:22:36 +0000 2024,1864963642535350617
448,Bloomberg Crypto,"A powerful rally in US stocks as well as cryptocurrencies has left the asset classes looking frothy, according to Bank of America’s Michael Hartnett https://t.co/J22iVaVcZX",Fri Dec 06 09:01:17 +0000 2024,1864958279866007908
449,Bloomberg Crypto,Here's what you need to know to start your day https://t.co/C6ZMZgkub1,Fri Dec 06 06:50:20 +0000 2024,1864925322732257772
450,Bloomberg Crypto,"Major corporations get the attention in ransomware attacks. But hackers more often target small businesses, such as UK trucking company Knights of Old https://t.co/edzHADtEwZ",Fri Dec 06 05:32:02 +0000 2024,1864905617833357466
451,Bloomberg Crypto,Saxo Bank Chief Macro Strategist John Hardy joins Merryn Talks Money to discuss its annual list of far-fetched events that would send shockwaves across financial markets. https://t.co/WjPyWyztAm,Fri Dec 06 05:16:08 +0000 2024,1864901616823894389
452,Bloomberg Crypto,"Vancouver could move to integrate Bitcoin into city finances in the slipstream of the digital token’s surge to an all-time high above $100,000 https://t.co/3ttnpRsInl",Fri Dec 06 01:43:06 +0000 2024,1864848004173189390
453,Bloomberg Crypto,"Donald Trump says David Sacks will be the ""White House A.I. &amp; Crypto Czar"", according to a Truth Social post https://t.co/gVJBCHHY5P",Fri Dec 06 01:29:29 +0000 2024,1864844580912292300
454,Bloomberg Crypto,"Bitcoin slumped almost 7% for a short while a day after an historic surge past $100,000 led some traders to hedge for a retreat https://t.co/qQTtIK8LL1",Fri Dec 06 01:23:04 +0000 2024,1864842964037492821
455,Bloomberg Crypto,BREAKING: US President-Elect Donald Trump names David O. Sacks as the “White House A.I. &amp; Crypto Czar” https://t.co/qpN7ZChPBf https://t.co/IixGwGleEJ,Fri Dec 06 01:00:07 +0000 2024,1864837190758359522
456,Bloomberg Crypto,"With its six-figure arrival, has Bitcoin crossed into something resembling legitimacy? Here’s your Evening Briefing https://t.co/FTtCPx3rxX",Thu Dec 05 23:35:41 +0000 2024,1864815942498230521
457,Bloomberg Crypto,Get up to speed on what's moving global markets https://t.co/So3FgG0mj4,Thu Dec 05 23:04:11 +0000 2024,1864808011581014169
458,Bloomberg Crypto,"Spot-Bitcoin ETFs have been a huge success, but that may not mean much for future altcoin ETFs @isabelletanlee writes in the @crypto newsletter https://t.co/vhKDsUlqkx",Thu Dec 05 22:32:45 +0000 2024,1864800104697172063
459,Bloomberg Crypto,"Australia’s central bank is conducting a bold monetary experiment — by doing nothing. Read today's Australia Briefing, for your daily dose of the best of Bloomberg from Down Under and around the world. https://t.co/Gk97Ody2dD",Thu Dec 05 22:06:01 +0000 2024,1864793375204880662
460,Bloomberg Crypto,Here's what you need to know to start your day https://t.co/4vmQenGlsk,Thu Dec 05 21:43:29 +0000 2024,1864787702895300922
461,Bloomberg Crypto,EQT Taps FT Partners to Sell Payments Firm Banking Circle https://t.co/nKNvBZJk4c,Thu Dec 05 21:17:32 +0000 2024,1864781174050054335
462,Bloomberg Crypto,Former US Treasury Secretary Lawrence Summers dismissed the idea of the government setting up a reserve of Bitcoin assets https://t.co/9d26DIBbNx,Thu Dec 05 20:57:21 +0000 2024,1864776095792308354
463,Bloomberg Crypto,"Animal spirits in the US equity market rampaged into a handful of meme stocks after a cryptic afternoon X post from Keith Gill, the online persona known as Roaring Kitty https://t.co/5DM0vuocfX",Thu Dec 05 20:22:12 +0000 2024,1864767247262052773
464,Bloomberg Crypto,"Options suggest that some traders may have already started to hedge against a potential pullback in Bitcoin after the original crypto surged to more than $100,000 for the first time. https://t.co/rgPyVmGXhT",Thu Dec 05 19:47:53 +0000 2024,1864758611546632308
465,Bloomberg Crypto,Far-right leader Marine Le Pen said France can overcome government collapse to deliver a budget in “a matter of weeks” — so long as the next prime minister is prepared to narrow the deficit more slowly: Here's Your Evening Briefing https://t.co/PXADu9wooz,Thu Dec 05 18:25:05 +0000 2024,1864737777062932739
466,Bloomberg Crypto,Walmart doesn't need a Center for Racial Equity to close the wealth gap and diversify its leadership https://t.co/s6QAQyIux9,Thu Dec 05 18:03:28 +0000 2024,1864732334286627298
467,Bloomberg Crypto,Emerging-market stocks threatened a drop for the first time in four sessions as investors awaited news on potential stimulus measures from Beijing https://t.co/gzExmZSZJX,Thu Dec 05 17:50:20 +0000 2024,1864729031154806826
468,Bloomberg Crypto,"Keir Starmer's beloved Arsenal Football Club is increasingly known for its ruthless and efficient corner kicks. Unfortunately for the prime minister, his own set-pieces are anything but. Get the Readout with @hariboconomics https://t.co/IfYrJLX4G0",Thu Dec 05 17:25:33 +0000 2024,1864722795034190300
469,Bloomberg Crypto,"HAPPENING NOW: The price of Bitcoin reached $100,000 in a significant milestone for the cryptocurrency. What's next?

Join our reporters for a Bloomberg Live Q&amp;A https://t.co/bsmuNY0F6G https://t.co/iJ2KrWzVrf",Thu Dec 05 17:01:44 +0000 2024,1864716799016587448
470,Bloomberg Crypto,"'I probably have to buy Donald Trump a Christmas gift,' Anthony Scaramucci jokes, as he and other Bitcoin bulls celebrate the $100,000 milestone. https://t.co/C4EJ4qa035",Thu Dec 05 15:46:04 +0000 2024,1864697757069426910
471,Bloomberg Crypto,"The price of Bitcoin reached $100,000 in a significant milestone for the cryptocurrency. 

Join our live conversation on Dec. 5 at 12 pm ET ⤵️
https://t.co/NEQpSynohN https://t.co/38CwKJAcHs",Thu Dec 05 15:25:18 +0000 2024,1864692529913872446
472,Bloomberg Crypto,It’s the latest high-octane offering from Wall Street’s rapidly growing line-up of risky ETF filings: Leveraged products that amp up exposures to large-cap stocks and crypto in one fell swoop https://t.co/SgyzrkmmR1,Thu Dec 05 13:58:21 +0000 2024,1864670649714643053
473,Bloomberg Crypto,Billionaire Alex Gerko’s quantitative-trading firm XTX Markets has donated $9.2 million to a new fund that aims to accelerate the use of artificial intelligence by mathematicians. https://t.co/vU3Lmqcr3W,Thu Dec 05 13:30:58 +0000 2024,1864663757739233496
474,Bloomberg Crypto,Here's what you need to know to start your day https://t.co/OaCsxNVzES,Thu Dec 05 12:39:10 +0000 2024,1864650724824547573
475,Bloomberg Crypto,Crypto is at the forefront of a buying frenzy for all kinds of market risk https://t.co/wpKj8kZ1jT,Thu Dec 05 11:41:45 +0000 2024,1864636273735999862
476,Bloomberg Crypto,"Bitcoin zoomed past the $100,000 milestone as the crypto faithful cheered Donald Trump's pick to lead the SEC. Global stocks also scaled new heights, while South Korea's president is looking to recover from his disastrous week: Here's Your Evening Briefing.",Thu Dec 05 09:52:29 +0000 2024,1864608774998142992
477,Bloomberg Crypto,"Circle Internet Financial, issuer of crypto's second-largest stablecoin USDC, says it made layoffs as part of a regular review of operations https://t.co/tAlYEDrgFs",Thu Dec 05 09:45:29 +0000 2024,1864607015831491049
478,Bloomberg Crypto,"Frasers shares plunge on profit warning while some retailers look to the US, CMA clears Vodafone and Three and NHS to roll out Eli Lilly obesity drug -- get briefed ahead of your morning calls with The London Rush https://t.co/yZmySHaB5K",Thu Dec 05 09:22:51 +0000 2024,1864601318586765629
479,Bloomberg Crypto,"Ponzi and pyramid schemes pretending to be startups are running rampant in the UAE, experts and US authorities say https://t.co/8egjmIfkOZ",Thu Dec 05 09:05:04 +0000 2024,1864596841511203016
480,Bloomberg Crypto,Here's what you need to know to start your day https://t.co/st0WWcW9tO,Thu Dec 05 06:48:46 +0000 2024,1864562543500407282
481,Bloomberg Crypto,"""The economy is at a crossroads."" India's growth makes a hard landing but with no policy relief in sight. In this week's India Edition, @menakadoshi writes on three things to know about the country's poor GDP data (Free read) https://t.co/QYHHKMMUre",Thu Dec 05 06:27:10 +0000 2024,1864557106243727665
482,Bloomberg Crypto,"Bitcoin hit an all-time high of $100,000 soon after Trump’s announcement of a pro-crypto pick for the SEC.

@nicolesyLIVE looks back at the rocky rise of the digital asset that was valued at mere pennies when it was first launched 15 years ago https://t.co/pLDy4GKYbz https://t.co/vh20jja2S6",Thu Dec 05 03:49:32 +0000 2024,1864517437820968998
483,Bloomberg Crypto,"Long before Trump was elected president, crypto-minded investors believed a $100,000 price was inevitable. Here's how the largest and oldest cryptocurrency finally reached that milestone. https://t.co/0x16iEZCMD",Thu Dec 05 03:41:06 +0000 2024,1864515312806170764
484,Bloomberg Crypto,"Bitcoin reached an all-time high of $100,000, fueled by optimism that a Trump White House will be friendly to the digital-asset industry https://t.co/sR6wfTDcsj",Thu Dec 05 03:25:38 +0000 2024,1864511421481881647
485,Bloomberg Crypto,"Bitcoin rises to $100,000 for the first time, fueled by optimism that President-elect Trump's administration will herald a crypto boom https://t.co/ovQw9LpmUB",Thu Dec 05 03:04:54 +0000 2024,1864506201884537223
486,Bloomberg Crypto,"BREAKING: Bitcoin reached an all-time high of $100,000, fueled by optimism that a Trump White House will be friendly to the digital asset industry https://t.co/35tXlY3F4q https://t.co/pgIA2P1VrA",Thu Dec 05 02:43:44 +0000 2024,1864500875370078310
487,Bloomberg Crypto,"President-elect Donald Trump’s pick of a crypto proponent to be the next head of the US securities regulator lifted Bitcoin to within a whisker of a record $100,000 as traders warmed to the prospect of relaxed regulations. https://t.co/3FfD6bLKLg",Thu Dec 05 02:06:04 +0000 2024,1864491396041674963
488,Bloomberg Crypto,"Donald Trump’s pick of a crypto proponent to be the next head of the US securities regulator lifted Bitcoin to within a whisker of a record $100,000 https://t.co/7JA587BFK8",Thu Dec 05 01:43:25 +0000 2024,1864485696397844815
489,Bloomberg Crypto,"Robinhood will expand into Asia next year, with its local headquarters to be in Singapore https://t.co/kFqkIuxtK6",Thu Dec 05 01:11:39 +0000 2024,1864477703329513758
490,Bloomberg Crypto,"MicroStrategy has raised over $6 billion in convertible notes this year to finance its Bitcoin purchases, with hedge funds buying in to exploit the volatility of the underlying asset https://t.co/WTg1gYTCef",Thu Dec 05 00:12:18 +0000 2024,1864462766897082625
491,Bloomberg Crypto,Trump nominates a new SEC chair who is light on regulation and big on crypto: Here’s your Evening Briefing https://t.co/sTjNE1ZCwc,Wed Dec 04 23:26:04 +0000 2024,1864451130735964308
492,Bloomberg Crypto,Get up to speed on what's moving global markets https://t.co/vfF4F1A5OM,Wed Dec 04 23:02:02 +0000 2024,1864445084533407895
493,Bloomberg Crypto,US prosecutors unsealed charges against an alleged teenage hacker who worked with a notorious cybercrime crew to break into telecommunications firms https://t.co/LsAAB4wDIe,Wed Dec 04 22:19:23 +0000 2024,1864434350034415888
494,Bloomberg Crypto,"Investors should favor global bonds over longer-dated US Treasuries, with sticky inflation forcing the Federal Reserve to the sidelines next year, according to Jean Boivin, head of BlackRock Investment Institute. https://t.co/nL3vDK6Whs",Wed Dec 04 21:16:38 +0000 2024,1864418558119202843
495,Bloomberg Crypto,"The CFTC’s fines and investor relief hit a record $17.1 billion, largely due to the agency’s crackdown on defunct crypto exchange FTX. https://t.co/SsdB8h74cx",Wed Dec 04 20:43:03 +0000 2024,1864410106881782187
496,Bloomberg Crypto,"Crypto trading volume climbed to an all-time high in November, with more than $10 trillion of digital assets changing hands https://t.co/10JF0hiVjd",Wed Dec 04 19:06:21 +0000 2024,1864385774675747141
497,Bloomberg Crypto,Trump has chosen Paul Atkins as chair of the SEC https://t.co/SYbcClPgcn,Wed Dec 04 18:03:43 +0000 2024,1864370009620844935
498,Bloomberg Crypto,UK police say they have shut down Russian networks that were moving billions of dollars for oligarchs and spies by swapping cash for cryptocurrency https://t.co/L2WFVnbOWi,Wed Dec 04 15:48:55 +0000 2024,1864336086069047722
499,Bloomberg Crypto,"Crypto speculators kept Bitcoin in sight of the landmark $100,000 level in anticipation of further steps to support the sector by Trump https://t.co/cCfVdAcE07",Wed Dec 04 00:40:23 +0000 2024,1864107446664331536
500,Bloomberg Crypto,"South Korean President Yoon Suk Yeol’s surprise decision to impose martial law, and then back down, triggered a political and market whiplash: Here’s your Evening Briefing https://t.co/CRC68rzTIj",Tue Dec 03 23:53:06 +0000 2024,1864095549579804736
501,Bloomberg Crypto,Get up to speed on what's moving global markets https://t.co/pldktmlQpp,Tue Dec 03 23:02:10 +0000 2024,1864082731145007585
502,Bloomberg Crypto,"Volumes on South Korean crypto exchanges have been greater than the Kospi stock index since the US election, @Sidcoins notes in the @Crypto newsletter https://t.co/GjR2Hu3Un3",Tue Dec 03 22:22:36 +0000 2024,1864072772789362766
503,Bloomberg Crypto,"Lawyers for Roger Ver, the crypto advocate known as Bitcoin Jesus, urged a US judge to dismiss his tax evasion indictment in their first court filing since his April arrest in Spain https://t.co/AltmUxgr8d",Tue Dec 03 21:58:08 +0000 2024,1864066615123259459
504,Bloomberg Crypto,Here's what you need to know to start your day https://t.co/wD0YgAiMK9,Tue Dec 03 21:37:59 +0000 2024,1864061545824604534
505,Bloomberg Crypto,"Bitget CEO Gracy Chen says $100K Bitcoin is profit-taking stage. She speaks with Sonali Basak and Tim Stenovec on ""Bloomberg Crypto"" https://t.co/qEFAcfjcbH https://t.co/0p1Ih5rfAG",Tue Dec 03 21:00:44 +0000 2024,1864052169403437428
506,Bloomberg Crypto,Celsius co-founder Alex Mashinsky will plead guilty to two counts of fraud in one of the last cases stemming from the widespread upheaval that shook digital currencies two years ago https://t.co/pMBJVeEDuP,Tue Dec 03 20:27:37 +0000 2024,1864043838156726277
507,Bloomberg Crypto,"South Korean assets tumbled after the country’s president declared martial law, sparking investor concern about political instability and unrest. https://t.co/SxsUNMF7Qu",Tue Dec 03 19:58:40 +0000 2024,1864036551715360832
508,Bloomberg Crypto,"Cryptocurrencies saw few gains on Tuesday, while price swings surged on Asian exchanges after South Korean President Yoon Suk Yeol declared martial law https://t.co/BK2kwVzj2s",Tue Dec 03 16:45:22 +0000 2024,1863987906668298506
509,Bloomberg Crypto,One of the world’s biggest Bitcoin miners is buying a wind farm to power its operations https://t.co/fkLa9aVLSG,Tue Dec 03 13:17:38 +0000 2024,1863935625491063294
510,Bloomberg Crypto,American companies are growing more upbeat about their prospects in anticipation of more pro-business policies and less regulatory burden following Trump's election win https://t.co/4yet9XaUup,Tue Dec 03 11:15:10 +0000 2024,1863904807137714211
511,Bloomberg Crypto,Marine Le Pen pledged to topple Prime Minister Michel Barnier’s government after he failed to meet her demands on a new budget: Here’s your Evening Briefing https://t.co/hIh7ewL9ts,Mon Dec 02 23:44:54 +0000 2024,1863731098271744165
512,Bloomberg Crypto,Get up to speed on what's moving global markets https://t.co/a5pjMfPrZo,Mon Dec 02 23:02:37 +0000 2024,1863720454457798829
513,Bloomberg Crypto,"Bitcoin bulls are starting to express some doubts after what seemed like an inevitable march toward a record high price of $100,000 loses momentum https://t.co/Qpyg3VydQc",Mon Dec 02 20:10:25 +0000 2024,1863677118128791579
514,Bloomberg Crypto,"With its minimum reached, 75% of World Liberty's proceeds can flow to the Trumps as a fee https://t.co/NrFpKADOLq",Mon Dec 02 18:18:31 +0000 2024,1863648960239288752
515,Bloomberg Crypto,Jane Street is back in the leveraged debt markets after launching a $1 billion leveraged loan on Monday amid a rush of deals https://t.co/iV8ubdeoFc,Mon Dec 02 17:29:33 +0000 2024,1863636637999071294
516,Bloomberg Crypto,"The world’s biggest hedge funds made the most of trading opportunities sparked by Donald Trump’s reelection last month, keeping the industry on track to post its strongest returns in at least four years. https://t.co/8loGfPCXj0",Mon Dec 02 16:09:01 +0000 2024,1863616370778177787
517,Bloomberg Crypto,"MicroStrategy bought another $1.5 billion in Bitcoin, the fourth consecutive weekly purchase announced by the crypto hedge fund proxy. https://t.co/ZuDFjdBLvx",Mon Dec 02 13:42:54 +0000 2024,1863579598786596980
518,Bloomberg Crypto,Here's what you need to know to start your day https://t.co/LBPYssPuxG,Mon Dec 02 12:38:29 +0000 2024,1863563385910047052
519,Bloomberg Crypto,Departures from the top ranks of Stellantis and Nissan underscore the depth of challenges facing the global auto industry https://t.co/pTafsnTdtV,Mon Dec 02 09:25:57 +0000 2024,1863514936653017445
520,Bloomberg Crypto,"XRP, a token linked to Ripple Labs, has vaulted rivals to become the third-largest cryptocurrency in a $100 billion rally https://t.co/fNhcvkMfoT",Mon Dec 02 07:45:20 +0000 2024,1863489615027384623
521,Bloomberg Crypto,"US Bitcoin and Ether ETFs are enjoying unprecedented demand, buoyed by Donald Trump’s pledge to unfetter the crypto industry from regulatory shackles https://t.co/qHLrpfGV1z",Mon Dec 02 02:12:14 +0000 2024,1863405784970756496
522,Bloomberg Crypto,Here's all you need to know about what's moving markets https://t.co/shaRT9JW4F,Sun Dec 01 23:07:50 +0000 2024,1863359381414285504
523,Bloomberg Crypto,"Ark Investment Management's Cathie Wood said she welcomes an expected era of looser regulation once Donald Trump is inaugurated as president, notably on technology, cryptocurrencies and digital assets https://t.co/5aDCEKOdJW",Sun Dec 01 16:31:23 +0000 2024,1863259608845889740
524,Bloomberg Crypto,The potential creation of a US national stockpile of the cryptocurrency could trigger more governments to buy up Bitcoin. Such a concentrated ownership of the cryptocurrency comes with risks for everyone involved. https://t.co/1ZRdSvmtz0,Sun Dec 01 15:56:51 +0000 2024,1863250918847697024
525,Bloomberg Crypto,"Bitcoin exchange-traded funds have been such a smashing success in the US that they now hold more than 1 million of the tokens, or about 5% of what currently exists https://t.co/Ws4fry2tX8",Sun Dec 01 15:10:58 +0000 2024,1863239374059569440
526,Bloomberg Crypto,Get up to speed on what's moving global markets https://t.co/OttGQe5nV7,Thu Dec 19 22:54:24 +0000 2024,1869878983405314116
527,Bloomberg Crypto,Bitcoin’s two-day slide extended to as much as 10% at one point https://t.co/hEJTPyPpK1,Thu Dec 19 22:34:02 +0000 2024,1869873854945931576
528,Bloomberg Crypto,"You know it’s a true crypto bull market when ICOs, or initial coin offerings, are generating buzz again, @MuyaoShen writes in the @Crypto newsletter. https://t.co/wmE9X6JqBs",Thu Dec 19 22:31:44 +0000 2024,1869873275205021720
529,Bloomberg Crypto,The ETF industry saw record flows and record launches this past year. https://t.co/bq4fmzzNwl,Thu Dec 19 22:22:03 +0000 2024,1869870841371992490
530,Bloomberg Crypto,Your guide to Trump's Silicon Valley entourage https://t.co/X07Rzg69C4,Thu Dec 19 21:59:54 +0000 2024,1869865265653002659
531,Bloomberg Crypto,The US derivatives market watchdog had a record $17.1 billion year cracking down on alleged fraudsters but could now become a victim of its own success as it looks to reward those who helped https://t.co/LMxB91pDIw,Thu Dec 19 20:08:56 +0000 2024,1869837338345357776
532,Bloomberg Crypto,The incoming US administration is weighing two very different approaches to a council that the crypto industry hopes will dramatically increase its influence over digital-asset policy https://t.co/RYWWzeldul,Thu Dec 19 19:17:09 +0000 2024,1869824307775349135
533,Bloomberg Crypto,Trump’s crypto platform appears to have exchanged roughly $10 million of what’s known as wrapped Bitcoin launched through Coinbase for similar tokens associated with Justin Sun https://t.co/sJOjbaQkga,Thu Dec 19 18:38:09 +0000 2024,1869814493540225304
534,Bloomberg Crypto,Russian President Vladimir Putin said he’s willing to hold talks with US President-elect Donald Trump at his annual televised news conference in Moscow: Here's your Evening Briefing Europe https://t.co/yRWsUj3yaw,Thu Dec 19 18:10:14 +0000 2024,1869807469481861192
535,Bloomberg Crypto,A computer scientist who falsely claims to be the inventor of Bitcoin has been found in contempt of court by a London judge for breaching several orders after a stinging lawsuit loss https://t.co/44t2xH673E,Thu Dec 19 15:24:30 +0000 2024,1869765759586422820
536,Bloomberg Crypto,"Vast Space, the aerospace startup founded by former crypto tycoon Jed McCaleb, hired SpaceX to launch two private astronaut missions to the International Space Station https://t.co/APrOTzhjQU",Thu Dec 19 14:07:21 +0000 2024,1869746346854363500
537,Bloomberg Crypto,"North Korea-linked hackers stole more from cryptocurrency platforms this year than ever before, blockchain analytics firm Chainalysis says https://t.co/7ESWRzBaro",Thu Dec 19 13:27:42 +0000 2024,1869736367594295580
538,Bloomberg Crypto,"Investors got the message loud and clear from the Fed: The two-year rally in all things risk is suddenly imperiled. Plus, a case for UK stocks and more in the Markets Daily newsletter. https://t.co/GMSkrKA4SW",Thu Dec 19 11:48:33 +0000 2024,1869711415197475054
539,Bloomberg Crypto,The Philippines is ramping up the sale of government securities for as low as $9 in a bid to broaden the investor base and help fund one of Asia’s fastest-growing economies https://t.co/NqUeCb0RX9,Thu Dec 19 08:04:58 +0000 2024,1869655147866902769
540,Bloomberg Crypto,"Aussie stocks have rallied this year, buoyed by unwavering gains in banks and a global AI-fueled tech surge. 

This week’s Bloomberg Australia Podcast asks about the biggest winners and losers of 2024, and what lies ahead next year https://t.co/SBjPNJMVAA https://t.co/tZVOOEjH5d",Thu Dec 19 03:57:20 +0000 2024,1869592827467808915
541,Bloomberg Crypto,"China’s coal inventories have been boosted by surging domestic production, which hit a record high last month, and rising imports as authorities prioritize energy security over cutting emissions https://t.co/40fm4p9T2K",Thu Dec 19 03:18:43 +0000 2024,1869583112738427004
542,Bloomberg Crypto,"Almost exactly one year after sparking a furious rally in financial markets, Federal Reserve Chair Jerome Powell did the exact opposite on Wednesday https://t.co/uj4DWJAh4o",Thu Dec 19 01:09:25 +0000 2024,1869550571176304955
543,Bloomberg Crypto,Bitcoin sank the most in more than three months after the Federal Reserve signaled greater caution about the scope for future interest-rate cuts https://t.co/kxjxV702hy,Thu Dec 19 00:47:44 +0000 2024,1869545113724080612
544,Bloomberg Crypto,EXCLUSIVE: Elon Musk is turning to a Boring Co. executive and tech loyalists to help hire staff for the Department of Government Efficiency under Trump https://t.co/Jx6mrju08d,Thu Dec 19 00:20:14 +0000 2024,1869538192371630469
545,Bloomberg Crypto,Get up to speed on what's moving global markets https://t.co/Nsv6iYifdh,Wed Dec 18 23:20:14 +0000 2024,1869523092709490926
546,Bloomberg Crypto,El Salvador reached a deal with the International Monetary Fund after four years of negotiations that were strained by the country’s adoption of Bitcoin as a legal tender https://t.co/FE7RJFMmoC,Wed Dec 18 20:58:24 +0000 2024,1869487401053159470
547,Bloomberg Crypto,Bitcoin fell for the first time in four days with speculative bets being pared across financial markets after Federal Reserve officials suggested greater caution over how quickly they can continue reducing borrowing costs. https://t.co/hIf0HJxXHH,Wed Dec 18 20:35:01 +0000 2024,1869481516188741874
548,Bloomberg Crypto,"MicroStrategy co-founder and Chairman Michael Saylor says he'd be willing to advise President-elect Donald Trump on crypto or digital currencies if he was asked to do so. He speaks on ""Bloomberg Open Interest"" https://t.co/b2QsqgOSYg https://t.co/6ZBEfJBLuO",Wed Dec 18 17:08:28 +0000 2024,1869429536409985178
549,Bloomberg Crypto,MicroStrategy co-founder and Chairman Michael Saylor says he wants to add more “intelligence leverage” for shareholders of the dot-com-era software maker turned leveraged Bitcoin proxy https://t.co/MHqOBzO3E8,Wed Dec 18 16:04:17 +0000 2024,1869413386385076375
550,Bloomberg Crypto,A BlackRock fund has bought municipal debt issued earlier this year in a first-of-its-kind deal that relies exclusively on blockchain technology https://t.co/hpCUGZsaPY,Wed Dec 18 15:41:49 +0000 2024,1869407729871118712
551,Bloomberg Crypto,We asked a dozen people turning 25 about their hopes and fears for the new year https://t.co/mO8jMljbqs,Wed Dec 18 12:22:14 +0000 2024,1869357505672892762
552,Bloomberg Crypto,Here's what you need to know to start your day https://t.co/MdIJ7kv1Q6,Wed Dec 18 12:00:54 +0000 2024,1869352133780218129
553,Bloomberg Crypto,"The S&amp;P 500’s rally may be slowing, but stock bulls are still stepping in to snap up shares ahead of the Fed rate decision. And the rot in Brazil's currency has expanded to other assets amid a deepening fiscal crisis. That and more in today's Markets Daily https://t.co/HRwjNUZOWr",Wed Dec 18 11:40:42 +0000 2024,1869347051785380043
554,Bloomberg Crypto,El Salvador President Bukele’s close ties to Trump may not help his economic plans https://t.co/xBVta4P7xS,Wed Dec 18 11:09:33 +0000 2024,1869339213168087234
555,Bloomberg Crypto,"Nayib Bukele made El Salvador safer, bringing the murder rate down 96%. Making the country richer is proving a harder task https://t.co/jEEb8yDieC",Wed Dec 18 10:44:56 +0000 2024,1869333019275702402
556,Bloomberg Crypto,Troubled Japanese carmaker Nissan Motor is said to have accelerated discussions to merge with rival Honda Motor after Taiwan’s Hon Hai Precision Industry expressed an interest in taking a stake: Here’s your Evening Briefing. https://t.co/wNUIg0FQKu,Wed Dec 18 09:30:32 +0000 2024,1869314294170468371
557,Bloomberg Crypto,"Money pros are approaching the Trump-inspired exuberance for stocks with a colder eye than it may seem, says @johnauthers https://t.co/V88XPJjUNB",Wed Dec 18 05:18:45 +0000 2024,1869250930329239656
558,Bloomberg Crypto,"Deutsche Bank is working on a fix for the regulatory challenges financial institutions face when trying to use public blockchains, such as the risk of inadvertently transacting with criminals or sanctioned entities https://t.co/TrWsCq5PrH",Wed Dec 18 02:30:52 +0000 2024,1869208682136850852
559,Bloomberg Crypto,"Bitcoin took a breather after scaling $108,000 for the first time as traders await an expected Federal Reserve interest-rate cut and assess US optimism about crypto https://t.co/vaJnuReiFi",Wed Dec 18 00:52:41 +0000 2024,1869183971172458515
560,Bloomberg Crypto,Get up to speed on what's moving global markets https://t.co/sFw6ifGtVM,Tue Dec 17 22:52:01 +0000 2024,1869153606819066306
561,Bloomberg Crypto,"'There’s a risk of people getting blindsided in the next few years by tools that can do these kinds of things,' researcher says of new crypto-wallet technology. https://t.co/QoEVnMdhbw",Tue Dec 17 22:25:57 +0000 2024,1869147046709526566
562,Bloomberg Crypto,"With a rate cut expected tomorrow, what the Fed does next may determine whether tension ratchets up between President-elect Donald Trump and Fed Chair Jerome Powell https://t.co/BMGQasrCUf",Tue Dec 17 22:01:05 +0000 2024,1869140788963090745
563,Bloomberg Crypto,Bloomberg's Claire Ballentine (@cfb_18) discusses how Donald Trump's election victory has drawn a cohort of new investors into crypto https://t.co/SrrzfaxdIS https://t.co/CpHhfIv4Lf,Tue Dec 17 21:55:00 +0000 2024,1869139256934891669
564,Bloomberg Crypto,Castle Island Ventures Founding Partner @nic__carter does not expect a strategic Bitcoin reserve because it wouldn't benefit anyone if we were to shake confidence in global markets by implying the dollar is at risk https://t.co/DKFMaFCLDf https://t.co/VYUkSg8b7z,Tue Dec 17 21:48:27 +0000 2024,1869137607700930746
565,Bloomberg Crypto,Race Capital Co-Founder and General Partner @edithyeung expects to see a strategic Bitcoin reserve and says the world is watching the Trump administration as they embrace the crypto industry https://t.co/wmmKI0d9YV https://t.co/XV9ckykgbb,Tue Dec 17 21:48:04 +0000 2024,1869137513731740135
566,Bloomberg Crypto,"""Long-term, I'm looking for Bitcoin to match the market cap of gold, which would price Bitcoin at 900 thousand dollars a coin."" Castle Island Ventures Founding Partner @nic__carter speaks with @SonaliBasak and @timsteno on ""Bloomberg Crypto"" https://t.co/STELR0Qd7p https://t.co/lFUZtbUl0Q",Tue Dec 17 21:32:51 +0000 2024,1869133682205770190
567,Bloomberg Crypto,A powerful House panel overseeing financial regulators and Wall Street is set to gain a new chairman who has cryptocurrency and banking deregulation at the top of his agenda https://t.co/WeBLQJNmhA,Tue Dec 17 19:10:36 +0000 2024,1869097883972104575
568,Bloomberg Crypto,There was a lot to feel anxious about in 2024. Here’s a few reasons to be optimistic about 2025 https://t.co/FKy15B32rV,Tue Dec 17 17:14:59 +0000 2024,1869068790459203799
569,Bloomberg Crypto,"The US convertible securities market could test its pandemic-era highs in 2025, bankers say https://t.co/Qu0iPrRCjF",Tue Dec 17 16:25:46 +0000 2024,1869056402062180427
570,Bloomberg Crypto,"In what’s been a record-breaking year for Bitcoin, the originators of the world’s first ETFs to hold the cryptocurrency appear to be at risk of being left behind https://t.co/maHBTKMioY",Tue Dec 17 16:03:15 +0000 2024,1869050737734377656
571,Bloomberg Crypto,MicroStrategy’s entry into the Nasdaq 100 opens up the largest corporate holder of Bitcoin to a new — and untapped – investor: the index-tracking juggernauts https://t.co/P5yRLrf5Ny,Tue Dec 17 15:56:39 +0000 2024,1869049075326136705
572,Bloomberg Crypto,"Chrystia Freeland's resignation letter began with the typical bromides, then absolutely eviscerated the prime minister. A special edition of our Canada newsletter looks at the turmoil in Ottawa. https://t.co/iDMAXdb5aw",Tue Dec 17 15:39:59 +0000 2024,1869044880019771446
573,Bloomberg Crypto,"Bitcoin reached an all-time high for a second consecutive day, with traders eyeing the $110,000 price level. https://t.co/XZtupYOKIs",Tue Dec 17 15:22:52 +0000 2024,1869040572905755089
574,Bloomberg Crypto,"Kris Marszalek, CEO of crypto exchange https://t.co/UXIzUGRmpj, met with President-elect Donald Trump at Mar-a-Lago https://t.co/GxZMSWyaHg",Tue Dec 17 13:07:21 +0000 2024,1869006468709580925
575,Bloomberg Crypto,Here's what you need to know to start your day https://t.co/gEcMxH1ZWK,Tue Dec 17 12:01:50 +0000 2024,1868989982280475103
576,Bloomberg Crypto,The industry is now in a position to weaken financial rules that might protect consumers from the next crypto crash https://t.co/epLuttIWnD,Tue Dec 17 10:07:50 +0000 2024,1868961292096057566
577,Bloomberg Crypto,"The New World Disorder is shaking up countries trying to cope with Trump's return to office, says @johnauthers. Brazil and Canada will be followed by many more https://t.co/01blZa5L0y",Tue Dec 17 06:06:41 +0000 2024,1868900607278317803
578,Bloomberg Crypto,Get up to speed on what's moving global markets https://t.co/qtLXYfMlOO,Mon Dec 16 22:59:36 +0000 2024,1868793124434202842
579,Bloomberg Crypto,Here's what you need to know to start your day https://t.co/Hec4vtrfnW,Mon Dec 16 21:36:17 +0000 2024,1868772157519458689
580,Bloomberg Crypto,"MicroStrategy, the dot-com-era software maker turned leveraged Bitcoin proxy, bought an additional $1.5 billion of the cryptocurrency through the sale of stock. https://t.co/zHWT77AE05",Mon Dec 16 13:26:45 +0000 2024,1868648963944939649
581,Bloomberg Crypto,"Some of Wall Street's biggest banks are forecasting a peak for the dollar in the middle of 2025. Plus, a brutal year for Boeing shares and a look ahead to the Fed, all in today's Markets Daily newsletter https://t.co/ocRXRY2hxU",Mon Dec 16 11:49:40 +0000 2024,1868624532585537551
582,Bloomberg Crypto,Here's what you need to know to start your day https://t.co/vwQXWBTu0V,Mon Dec 16 07:12:14 +0000 2024,1868554714415054938
583,Bloomberg Crypto,"Bitcoin climbed to a record high, extending a rally sparked by President-elect Donald Trump’s support for digital assets https://t.co/yG8txqt0OH",Sun Dec 15 23:59:57 +0000 2024,1868445925250609574
584,Bloomberg Crypto,Here's all you need to know about what's moving markets https://t.co/u14c9udVNu,Sun Dec 15 23:08:51 +0000 2024,1868433066122691045
585,Bloomberg Crypto,"MicroStrategy and Tilray Brands are in the vanguard of a growing list companies tapping at-the-market stock sales, their own version of a cash machine. Finance chiefs explain the benefits in this week's CFO Briefing https://t.co/MgOynI4tFO",Sun Dec 15 21:19:34 +0000 2024,1868405563836580264
586,Bloomberg Crypto,"Singapore has embraced cryptocurrency more than any other country - but it's been a bumpy ride. 

Find out why in this week's free Singapore Edition newsletter. https://t.co/7K1buXaqYE",Sun Dec 15 12:28:01 +0000 2024,1868271794496348494
587,Bloomberg Crypto,"Singapore has embraced cryptocurrency more than any other country - but it's been a bumpy ride. 

Find out why in this week's free Singapore Edition newsletter. https://t.co/dI7SVLjcN7",Sun Dec 15 09:28:04 +0000 2024,1868226511624372690
588,Bloomberg Crypto,"Singapore has embraced cryptocurrency more than any other country - but it's been a bumpy ride. 

Find out why in this week's free Singapore Edition newsletter. https://t.co/gGWCgyQC1J",Sun Dec 15 06:28:05 +0000 2024,1868181215569686788
589,Bloomberg Crypto,"Singapore has embraced cryptocurrency more than any other country - but it's been a bumpy ride. 

Find out why in this week's free Singapore Edition newsletter. https://t.co/Kk47tG96wW",Sun Dec 15 03:28:05 +0000 2024,1868135915509485738
590,Bloomberg Crypto,"Singapore has embraced cryptocurrency more than any other country - but it's been a bumpy ride. 

Find out why in this week's free Singapore Edition newsletter. https://t.co/VPTPJ27PNu",Sun Dec 15 00:28:04 +0000 2024,1868090612265763014
591,Bloomberg Crypto,"Singapore has embraced cryptocurrency more than any other country - but it's been a bumpy ride. 

Find out why in this week's free Singapore Edition newsletter. https://t.co/HVoUjXClmW",Sat Dec 14 21:28:01 +0000 2024,1868045305112903726
592,Bloomberg Crypto,"Singapore has embraced cryptocurrency more than any other country - but it's been a bumpy ride. 

Find out why in this week's free Singapore Edition newsletter. https://t.co/qNYFpC2qVA",Sat Dec 14 18:28:07 +0000 2024,1868000028846936249
593,Bloomberg Crypto,"Singapore has embraced cryptocurrency more than any other country - but it's been a bumpy ride. 

Find out why in this week's free Singapore Edition newsletter. https://t.co/gouRgxEU0G",Sat Dec 14 15:29:07 +0000 2024,1867954981799641091
594,Bloomberg Crypto,"Singapore has embraced cryptocurrency more than any other country - but it's been a bumpy ride. 

Find out why in this week's free Singapore Edition newsletter. https://t.co/8DqX0TrckN",Sat Dec 14 15:28:00 +0000 2024,1867954703570493483
595,Bloomberg Crypto,"Singapore has embraced cryptocurrency more than any other country - but it's been a bumpy ride. 

Find out why in this week's free Singapore Edition newsletter. https://t.co/ajOsmDvDnp",Sat Dec 14 12:28:02 +0000 2024,1867909412767039639
596,Bloomberg Crypto,"Singapore has embraced cryptocurrency more than any other country - but it's been a bumpy ride. 

Find out why in this week's free Singapore Edition newsletter. https://t.co/f0Sj3tuk1P",Sat Dec 14 09:28:02 +0000 2024,1867864112241185151
597,Bloomberg Crypto,"Singapore has embraced cryptocurrency more than any other country - but it's been a bumpy ride. 

Find out why in this week's free Singapore Edition newsletter. https://t.co/CEWQLEH0ca",Sat Dec 14 06:27:06 +0000 2024,1867818580907016668
598,Bloomberg Crypto,"Singapore has embraced cryptocurrency more than any other country - but it's been a bumpy ride. 

Find out why in this week's free Singapore Edition newsletter. https://t.co/BCzfDOKKFj",Sat Dec 14 03:27:04 +0000 2024,1867773273620033780
599,Bloomberg Crypto,"MicroStrategy, the dot-com-era software maker whose metamorphosis into a leveraged bet on Bitcoin has transfixed Wall Street, is joining the Nasdaq 100 Index, the benchmark’s overseer said Friday https://t.co/cUjqqBd7bd",Sat Dec 14 01:43:16 +0000 2024,1867747148932030511
600,Bloomberg Crypto,Singapore has embraced cryptocurrency more than any other country - but it's been a bumpy ride. Find out why in this week's Singapore Edition newsletter https://t.co/G8Ghk2EDSw,Sat Dec 14 01:15:41 +0000 2024,1867740208000631115
601,Bloomberg Crypto,"At the market’s speculative edges, Bitcoin and its memed-up cousins keep testing the limits of speculative zeal https://t.co/xvYRYyjJdl",Fri Dec 13 22:08:26 +0000 2024,1867693087729889344
602,Bloomberg Crypto,"Bitcoin is on track for a seventh consecutive weekly gain, as growing optimism for a crypto-friendly Trump administration fuels what what would be the longest winning streak in over three years. https://t.co/EgcbbCKnhx",Fri Dec 13 21:34:29 +0000 2024,1867684544045818188
603,Bloomberg Crypto,"Dispatches from our flagship event where we discussed MicroStrategy, how ETFs fit into the retirement landscape, and more https://t.co/GH6P2rJvcj",Fri Dec 13 20:42:54 +0000 2024,1867671559382401046
604,Bloomberg Crypto,"If you want a prescription for Canada’s economy, you could do worse than to ask CIBC chief executive Victor Dodig. Read more in Bay Street Edition, our weekly newsletter on Canadian finance. https://t.co/V8RByGUpoV",Fri Dec 13 15:54:38 +0000 2024,1867599014713065741
605,Bloomberg Crypto,"Donald Trump’s crypto project, World Liberty Financial, appears to be buying specialized digital tokens worth millions of dollars as speculation increases that the decentralized finance lending platform is moving closer to becoming operational. https://t.co/s1KvGIReW3",Fri Dec 13 15:26:55 +0000 2024,1867592042106261793
606,Bloomberg Crypto,"In a live Q&amp;A on the Markets Today blog, we took a look at what lies ahead for UK markets in 2025. Here's a lightly edited transcript of the conversation https://t.co/Fj6bPv4nz8",Fri Dec 13 14:36:38 +0000 2024,1867579388931232011
607,Bloomberg Crypto,"From Wall Street funds to small-time day traders, those who dared to bet big on Elon Musk’s business empire are closing out the year with hefty payoffs https://t.co/yOVP6xIgTU",Fri Dec 13 12:53:21 +0000 2024,1867553393595523520
608,Bloomberg Crypto,Galaxy Digital hired Point72 CFO Anthony Paquette to serve in the same capacity at the crypto conglomerate run by billionaire Michael Novogratz https://t.co/r9qTYkw0GU,Fri Dec 13 11:57:31 +0000 2024,1867539342563889308
609,Bloomberg Crypto,"Michael Saylor has become the hero of day traders, overseeing a 500% rally in MicroStrategy. Next question is: will his company achieve Nasdaq 100 status? https://t.co/SXTnxVGxjA",Fri Dec 13 11:23:34 +0000 2024,1867530800427671883
610,Bloomberg Crypto,"Chinese bonds yields sunk to historic low on rate-cut expectations and raised the specter of Japanification, while stocks suffered because of a lack of policy detail. South Korea is headed for a second impeachment vote: Here's your Evening Briefing. https://t.co/pEfOaXeIK0",Fri Dec 13 09:45:26 +0000 2024,1867506102188789851
611,Bloomberg Crypto,Australian pension and wealth firm AMP has become one of the nation’s first large retirement managers to invest in Bitcoin futures https://t.co/Z5ZhL5cczt,Fri Dec 13 02:44:24 +0000 2024,1867400148789125242
612,Bloomberg Crypto,Get up to speed on what's moving global markets https://t.co/YmpsupmZ8p,Thu Dec 12 23:18:40 +0000 2024,1867348373776245102
613,Bloomberg Crypto,Why are celebrities like Tom Brady and Sylvester Stallone selling their watches now? https://t.co/eaHkU6Ugw4,Thu Dec 12 22:51:19 +0000 2024,1867341491623829570
614,Bloomberg Crypto,MicroStrategy's Michael Saylor appears to have won over Bitcoin miners when it comes to using convertible notes to raise funds to buy the cryptocurrency https://t.co/Y4WIlSBMt3,Thu Dec 12 22:28:59 +0000 2024,1867335870119874825
615,Bloomberg Crypto,BlackRock says Bitcoin does have a place in multi-asset portfolios—to a point. Here’s your Evening Briefing https://t.co/Qmb0AE1DPK,Thu Dec 12 22:07:45 +0000 2024,1867330524978569577
616,Bloomberg Crypto,So many investors think cryptocurrency is a way to get rich quick—making them easy marks https://t.co/2h0a7yyvPy,Thu Dec 12 19:24:49 +0000 2024,1867289521710092461
617,Bloomberg Crypto,Mike Yu on the Problem of Building a One-Click Mortgage https://t.co/Yn0S3rPMFt,Thu Dec 12 18:35:56 +0000 2024,1867277220001010023
618,Bloomberg Crypto,"Paris-based financial group Oddo is working on a stablecoin, a move that would bring it into an increasingly crowded market https://t.co/OaVyU9HB40",Thu Dec 12 14:48:24 +0000 2024,1867219961715839246
619,Bloomberg Crypto,"Bitcoin renewed a climb past $100,000 after the latest US inflation data bolstered bets on another Federal Reserve interest-rate cut. https://t.co/NAWiyLbgpG",Thu Dec 12 14:14:09 +0000 2024,1867211340839800920
620,Bloomberg Crypto,The world’s biggest asset manager says that Bitcoin does have a place in multi-asset portfolios — up to a certain point https://t.co/gsylG6uTwD,Thu Dec 12 13:45:08 +0000 2024,1867204037914865910
621,Bloomberg Crypto,"Bitcoin renewed a climb past $100,000 after the latest US inflation data bolstered bets on another Federal Reserve interest-rate cut. https://t.co/FwPcGbu7AX",Thu Dec 12 12:14:01 +0000 2024,1867181109789782479
622,Bloomberg Crypto,"Bitcoin renewed a climb past $100,000 after the latest US inflation data bolstered bets on another Federal Reserve interest-rate cut. https://t.co/rHflhlceKZ",Thu Dec 12 10:13:04 +0000 2024,1867150669783658674
623,Bloomberg Crypto,"U.S. President-elect Donald Trump reportedly invited Chinese President Xi Jinping to his inauguration. Xi's attendance would be unprecedented, but there are plenty of reasons he will opt to send his regrets: Here's your Evening Briefing. https://t.co/2HSQ9K1wTJ",Thu Dec 12 09:49:35 +0000 2024,1867144759317344377
624,Bloomberg Crypto,"Bitcoin renewed a climb past $100,000 after the latest US inflation data bolstered bets on another Federal Reserve interest-rate cut. https://t.co/ZgNVxgGFNU",Thu Dec 12 08:13:04 +0000 2024,1867120469490463040
625,Bloomberg Crypto,"Bitcoin renewed a climb past $100,000 after the latest US inflation data bolstered bets on another Federal Reserve interest-rate cut. https://t.co/ZZbS8QBFIa",Thu Dec 12 06:13:05 +0000 2024,1867090277510393880
626,Bloomberg Crypto,The explosive growth of India’s equity derivatives market is finally slowing thanks to the recent regulatory steps to curb excessive speculation. Read for free with your email on what else could move markets today https://t.co/5EY57ZpK07,Thu Dec 12 03:17:38 +0000 2024,1867046122000109792
627,Bloomberg Crypto,"Brian Quintenz, who leads policy at the digital asset arm of Andreessen Horowitz, has emerged as a top contender to lead the Commodity Futures Trading Commission, according to people familiar with the matter https://t.co/H2Lb8ns8df",Thu Dec 12 02:51:39 +0000 2024,1867039583495389630
628,Bloomberg Crypto,"Bitcoin renewed a climb past $100,000 after the latest US inflation data bolstered bets on another Federal Reserve interest-rate cut https://t.co/HS0LtKBF0h",Thu Dec 12 01:51:43 +0000 2024,1867024501776515340
629,Bloomberg Crypto,Vancouver adopted a policy that could lead to it using Bitcoin in city finances — prompted in part by the return of US President-elect Donald Trump https://t.co/3j6P4ciYnU,Thu Dec 12 00:04:21 +0000 2024,1866997482741260488
630,Bloomberg Crypto,Democrat Caroline Crenshaw’s nomination to serve another term as a commissioner at the Securities and Exchange Commission just hit more obstacles https://t.co/vFdRKBDpMX,Wed Dec 11 23:41:54 +0000 2024,1866991833248600146
631,Bloomberg Crypto,Get up to speed on what's moving global markets https://t.co/IrsE8jz7Qi,Wed Dec 11 23:15:02 +0000 2024,1866985069396557851
632,Bloomberg Crypto,The Nasdaq 100 climbed 1.9% to a record as the so-called Magnificent Seven once again find themselves in pole position: Here’s your Evening Briefing https://t.co/2IYvmXz63U,Wed Dec 11 22:59:36 +0000 2024,1866981187782066665
633,Bloomberg Crypto,MicroStrategy checks all the boxes for inclusion in the Nasdaq 100 Index. There's just one catch. https://t.co/XhEwVGLrkG,Wed Dec 11 20:37:04 +0000 2024,1866945315418366441
634,Bloomberg Crypto,"Thomas Peterffy, the billionaire founder of retail brokerage Interactive Brokers Group, said investors should own some Bitcoin though limit their holdings given the asset’s volatility. https://t.co/vg3u2LMlE8",Wed Dec 11 19:33:26 +0000 2024,1866929303255932930
635,Bloomberg Crypto,"Just as food and gasoline inflation have made a comeback, US investors are showing signs of euphoria. That's troubling given past precedent. https://t.co/h6bFELyHLD",Wed Dec 11 19:11:21 +0000 2024,1866923746050654661
636,Bloomberg Crypto,"The US Supreme Court dismissed an appeal by Nvidia, leaving it to face a lawsuit that accuses the company of misleading shareholders about its reliance on crypto-mining revenue in the run-up to a market crash. https://t.co/VMSMJCNrtG",Wed Dec 11 16:12:21 +0000 2024,1866878700219707759
637,Bloomberg Crypto,"Akshay Naheta, a former SoftBank executive known for overseeing some of its biggest deals, is in early talks to sell a minority stake in the stablecoin payments startup he co-founded, sources say https://t.co/8FJiBZXoaA",Wed Dec 11 08:29:16 +0000 2024,1866762161499832475
638,Bloomberg Crypto,"Circle Internet Financial, the issuer of the stablecoin USDC, and the crypto exchange Binance says they’re partnering to expand the use of the token on the trading platform as part of a plan to accelerate growth https://t.co/RRx6A3lvnd",Wed Dec 11 07:24:46 +0000 2024,1866745928020894160
639,Bloomberg Crypto,Here's what you need to know to start your day https://t.co/d1DDTsCOGa,Wed Dec 11 06:38:25 +0000 2024,1866734263351009450
640,Bloomberg Crypto,Get up to speed on what's moving global markets https://t.co/gKKVj029DU,Mon Dec 30 23:13:26 +0000 2024,1873870037355765813
641,Bloomberg Crypto,The iShares Bitcoin Trust shattered records in the ETF industry in 2024 https://t.co/szFYy4xifS,Mon Dec 30 14:24:35 +0000 2024,1873736948482740280
642,Bloomberg Crypto,"MicroStrategy said it bought $209 million of Bitcoin, marking the eighth consecutive week of purchases for the dot-com-era software maker turned leveraged proxy for the original crypto https://t.co/PiP2jdniQm",Mon Dec 30 13:38:38 +0000 2024,1873725385977856297
643,Bloomberg Crypto,"From wealth funds and deals to AI and Trump, get the best of our coverage in 2024 in this special edition of the Mideast Money newsletter https://t.co/amSfrRYVhk",Mon Dec 30 11:39:52 +0000 2024,1873695497271050593
644,Bloomberg Crypto,NEW: Elon Musk's growing US political influence is causing global resistance to his Starlink satellite network to crumble. Read The Big Take here https://t.co/PO9cP1RoWS,Mon Dec 30 06:45:54 +0000 2024,1873621516622897652
645,Bloomberg Crypto,The Bitcoin rally sparked by Donald Trump’s election victory in November is stalling as 2024 draws to a close https://t.co/CmyYwGpCNC,Mon Dec 30 00:57:57 +0000 2024,1873533954508116307
646,Bloomberg Crypto,Here's all you need to know about what's moving markets https://t.co/VsiCPMHFgs,Sun Dec 29 22:55:32 +0000 2024,1873503143239016882
647,Bloomberg Crypto,Here's what you need to know to start your day https://t.co/7aZpKRFZoQ,Sun Dec 29 21:45:18 +0000 2024,1873485468618092852
648,Bloomberg Crypto,"This week's Forecast newsletter looks at three big themes of 2024: bots, bullets and Bitcoin https://t.co/9uOVozIEdk",Sun Dec 29 09:15:58 +0000 2024,1873296895767892309
649,Bloomberg Crypto,Here's all you need to know about what's moving markets https://t.co/j7goDH0L7W,Sun Dec 22 22:55:27 +0000 2024,1870966408617599480
650,Bloomberg Crypto,Bitcoin faces its first weekly loss since Donald Trump’s victory in the US election as a cautious Fed policy outlook tempers optimism https://t.co/w7OYEkmcBp,Sun Dec 22 21:19:43 +0000 2024,1870942318506705206
651,Bloomberg Crypto,"The wild trades of 2024 came fast and furious, from big Trump bets to busted arbitrage wagers and a windfall in Argentina https://t.co/pfu7XLTYjO",Sun Dec 22 21:03:46 +0000 2024,1870938303626727706
652,Bloomberg Crypto,"His second term doesn’t start for a month, but Donald Trump is already sending shockwaves around the world https://t.co/iEifiGpt78",Sun Dec 22 20:25:13 +0000 2024,1870928603875021241
653,Bloomberg Crypto,Austrians may suddenly find themselves outside of the Kremlin’s energy orbit for the first time in living memory. Read the Brussels Edition https://t.co/MeApsuf5O0,Sat Dec 21 11:18:09 +0000 2024,1870428540656570587
654,Bloomberg Crypto,"Cocoa’s rally has soared past all major commodities in 2024, and there’s little sign the tight supply and fragile trading landscape that prompted its near-vertical trajectory are in for a fast fix. https://t.co/H3LEdKw9Kr",Sat Dec 21 07:21:23 +0000 2024,1870368954939555942
655,Bloomberg Crypto,"Tether is on track to close the year with more than $10 billion in net profits, CEO Paolo Ardoino said https://t.co/oKPPsdwNt3",Sat Dec 21 01:35:26 +0000 2024,1870281894056665575
656,Bloomberg Crypto,House Republicans defy Trump and pass government funding bill without debt limit provision: Here’s your Evening Briefing https://t.co/oi3bOlyzjm,Sat Dec 21 00:21:17 +0000 2024,1870263235900784679
657,Bloomberg Crypto,"Tai Mo Shan, part of Jump Trading’s crypto unit, agreed to pay $123 million to settle a US regulator’s claims it misled investors about the stability of the TerraUSD algorithmic stablecoin https://t.co/MXpokBGCEZ",Sat Dec 21 00:00:23 +0000 2024,1870257976482701458
658,Bloomberg Crypto,"While one Los Angeles fire has been fully contained, at least two others remain out of control: Here’s your Evening Briefing. https://t.co/X1c9aXSbl4",Thu Jan 09 23:53:07 +0000 2025,1877503901064159630
659,Bloomberg Crypto,"Trump’s return to the White House coincides with a massive rally in cryptocurrencies. But for the average American, crypto still comes with plenty of risks https://t.co/dewqojc9ON",Thu Jan 09 23:33:06 +0000 2025,1877498866259407308
660,Bloomberg Crypto,Crypto industry executives are vying for access to US President-elect Donald Trump and for a seat on the planned crypto advisory council https://t.co/FWAU4lIDfd,Thu Jan 09 23:15:58 +0000 2025,1877494553206301179
661,Bloomberg Crypto,Get up to speed on what's moving global markets https://t.co/cwu2GL0dNN,Thu Jan 09 22:48:14 +0000 2025,1877487576493285529
662,Bloomberg Crypto,Why crypto surged after Trump's victory https://t.co/g1lzLAs9Qm,Thu Jan 09 22:27:50 +0000 2025,1877482439859146966
663,Bloomberg Crypto,Job postings show stablecoin issuer Tether plans to hire filmmakers for its upcoming AI platform https://t.co/kWCTLTAvfH,Thu Jan 09 22:06:08 +0000 2025,1877476979726811139
664,Bloomberg Crypto,"The Winklevoss twins’ Gemini Trust crypto exchange has made a slew of senior appointments in Europe, as it seeks to grow its presence in the region this year under the bloc’s new regulatory regime https://t.co/0qPE7E7WAt",Thu Jan 09 14:07:56 +0000 2025,1877356637226197211
665,Bloomberg Crypto,Britain’s markets are at the forefront of a global bond slump sparked by US tariff threats to impose tariffs and inflation worries https://t.co/ksXp3Q5sqH,Thu Jan 09 11:37:40 +0000 2025,1877318820282458288
666,Bloomberg Crypto,"After a strong start to the new year that saw Bitcoin retake the $100,000 mark, the largest digital asset is struggling to maintain momentum https://t.co/lAiwExtJPN",Thu Jan 09 10:25:10 +0000 2025,1877300574258872590
667,Bloomberg Crypto,The question of who owns the European unit of Sam Bankman-Fried’s former crypto enterprise appeared to be settled: Dubai-based Backpack Exchange said it had purchased FTX EU after months of wrangling https://t.co/xc3a2BD7cT,Thu Jan 09 04:58:26 +0000 2025,1877218349907689573
668,Bloomberg Crypto,Get up to speed on what's moving global markets https://t.co/uWn5nAKAHD,Wed Jan 08 22:52:48 +0000 2025,1877126334545121745
669,Bloomberg Crypto,Terraform Labs cofounder Do Kwon will go on trial early next year in the US on criminal fraud charges tied to the $40 billion collapse of the TerraUSD stable coin in 2022 https://t.co/SsSE3T6WlA,Wed Jan 08 20:09:34 +0000 2025,1877085258224431599
670,Bloomberg Crypto,"Gary Gensler, the outgoing chair of the Securities and Exchange Commission, believes there’s more still to be done in regulating altcoins and intermediaries in the digital assets market https://t.co/w9Zl44NpPr",Wed Jan 08 19:44:41 +0000 2025,1877078993020571778
671,Bloomberg Crypto,"Bill Ackman chases 1,200% profit on GSE trade that’s far from over https://t.co/xuesD8Nvw1",Wed Jan 08 12:27:01 +0000 2025,1876968854372438089
672,Bloomberg Crypto,Here's what you need to know to start your day https://t.co/5qGIyC2jzf,Wed Jan 08 06:47:43 +0000 2025,1876883464999346438
673,Bloomberg Crypto,"Correction: Backpack Exchange, a crypto trading platform founded by former FTX and Alameda Research employees, has purchased the former European assets of the bankrupted company for $32.7 million. Armani Ferrante, Backpack CEO, has the story https://t.co/iBDXdXv8sO https://t.co/GXbjT6ILq7",Wed Jan 08 00:27:29 +0000 2025,1876787775850045442
674,Bloomberg Crypto,Get up to speed on what's moving global markets https://t.co/rnn62hrdf8,Tue Jan 07 23:16:22 +0000 2025,1876769878889099372
675,Bloomberg Crypto,"Wintermute CEO Evgeny Gaevoy discusses being the first to offer OTC BUIDL tokens and where demand is coming from. He speaks with Tim Stenovec and Sonali Basak on ""Bloomberg Crypto"" https://t.co/3dS33PJT9F https://t.co/bjnWyZbs9Q",Tue Jan 07 22:54:01 +0000 2025,1876764254386176328
676,Bloomberg Crypto,"Middle Eastern fintech outfits are looking to capitalize on a recent boom in stablecoins, @RyanJamesWeeks writes in the @crypto newsletter https://t.co/5Lz2yts95K",Tue Jan 07 22:20:32 +0000 2025,1876755827098374246
677,Bloomberg Crypto,"Ripple President Monica Long expects to see their new stablecoin RLUSD on more platforms ""imminently"" and says we will see an XRP ETF soon https://t.co/e4TuV4XPv3 https://t.co/LhfIMNDDs9",Tue Jan 07 21:53:37 +0000 2025,1876749055566532886
678,Bloomberg Crypto,An early Bitcoin investor sentenced last month to two years in prison for tax fraud related to cryptocurrency sales has been ordered to disclose his secret pass codes so US officials can unlock digital assets now valued at about $124 million. https://t.co/oXxjSl9sKG,Tue Jan 07 21:19:24 +0000 2025,1876740444630958270
679,Bloomberg Crypto,"Bitcoin’s march back above $100,000 didn’t last long https://t.co/YlhMENaXc3",Tue Jan 07 19:59:41 +0000 2025,1876720383463657566
680,Bloomberg Crypto,US Commodity Futures Trading Commission Chairman Rostin Behnam plans to resign from the role on Jan. 20. https://t.co/xZVowJQWad,Tue Jan 07 14:59:13 +0000 2025,1876644768836366519
681,Bloomberg Crypto,"Backpack Exchange, a crypto trading platform founded by one-time employees of Sam Bankman-Fried’s FTX and Alameda Research businesses, has acquired the former European entity of the failed FTX exchange https://t.co/CMEBeLP0Jq",Tue Jan 07 13:08:02 +0000 2025,1876616786424029398
682,Bloomberg Crypto,Here's what you need to know to start your day https://t.co/S3qCb4nlq0,Tue Jan 07 12:24:06 +0000 2025,1876605732390310374
683,Bloomberg Crypto,Get up to speed on what's moving global markets https://t.co/08sutO0hbk,Mon Jan 06 23:36:15 +0000 2025,1876412493796429992
684,Bloomberg Crypto,The Winklevoss twins’ Gemini Trust agreed to pay $5 million to end a CFTC claim that it misled the derivatives regulator in a bid to launch the first US-regulated Bitcoin futures contract https://t.co/M0SHBNHwT5,Mon Jan 06 17:48:56 +0000 2025,1876325089882382512
685,Bloomberg Crypto,MicroStrategy Inc. bought $101 million of Bitcoin after announcing that it would use perpetual preferred stock as well as common shares and debt to acquire more of the cryptocurrency. https://t.co/4a848wxM6q,Mon Jan 06 13:34:33 +0000 2025,1876261070702104751
686,Bloomberg Crypto,"Bitcoin is nearing the $100,000 mark, regaining momentum with President-elect Donald Trump’s US Election victory set to be ratified https://t.co/TR0gDACxFI",Mon Jan 06 09:29:09 +0000 2025,1876199316697600466
687,Bloomberg Crypto,"Money managers are seeing plenty of reasons to remain bullish on gold, following a stellar 2024 that saw the precious metal post its biggest annual gain since 2010 https://t.co/M7qgWaAWg9",Mon Jan 06 05:19:20 +0000 2025,1876136446202970615
688,Bloomberg Crypto,Here's all you need to know about what's moving markets https://t.co/b12ObtW015,Sun Jan 05 22:54:55 +0000 2025,1876039703935242655
689,Bloomberg Crypto,Here are five notable charts to consider in global commodity markets as the week gets underway https://t.co/XuG0ofMiFM,Sun Jan 05 22:27:10 +0000 2025,1876032720649736490
690,Bloomberg Crypto,"As investors pine for more rate cuts, US Federal Reserve officials say they need to confirm inflation is once again on a downward path: Here’s your Evening Briefing https://t.co/6ZclNpc7H5",Fri Jan 03 23:42:11 +0000 2025,1875326824894406748
691,Bloomberg Crypto,"The turning of the calendar is an occasion to look ahead. For Wall Street at New Year’s, the verdict on the future is one of trepidation. https://t.co/cTnBdEotHa",Fri Jan 03 21:41:12 +0000 2025,1875296378055766388
692,Bloomberg Crypto,"Assets in Canadian ETFs surpassed C$500 billion for the first time in 2024, a year that smashed records for inflows and new fund launches. https://t.co/nZL7efmFUP",Fri Jan 03 20:49:14 +0000 2025,1875283301847404694
693,Bloomberg Crypto,WisdomTree was downgraded to neutral at Northcoast Research on its inability to attract a meaningful share of the $1 trillion funneled into US ETFs last year https://t.co/g9PXTIi3Qh,Fri Jan 03 19:57:22 +0000 2025,1875270247818702917
694,Bloomberg Crypto,"European diplomats travelled to Damascus today in an effort to build ties with Syria’s de-facto leader, Ahmed Al-Sharaa, and try to coax him into cutting ties with Russia: Here's Your Evening Briefing https://t.co/LPni2fDeJj",Fri Jan 03 18:14:56 +0000 2025,1875244468334383581
695,Bloomberg Crypto,"While the ushering in of a crypto-friendly administration presents an opportunity that many describe as once-in-a-lifetime, it’s also uncharted territory for the industry https://t.co/Z5S5I0RRDQ",Fri Jan 03 16:58:48 +0000 2025,1875225309001269275
696,Bloomberg Crypto,"Canadians are in a pessimistic mood about the economy, but there are reasons to be bullish about 2025, Jefferies dealmaker Bruce Rothney says. Read more in Bay Street Edition, our weekly newsletter https://t.co/dwLcxOPyOo",Fri Jan 03 14:30:33 +0000 2025,1875187999522050249
697,Bloomberg Crypto,The year-end selloff in equities is part of the larger amping of turbulence that has descended on markets https://t.co/M6U060Ms2L,Fri Jan 03 11:40:32 +0000 2025,1875145215180226613
698,Bloomberg Crypto,"Investors yanked a net $333 million from BlackRock’s iShares Bitcoin Trust ETF on Thursday, the most withdrawn from the record-breaking fund since its launch https://t.co/Zu9s4a9rxC",Fri Jan 03 09:37:52 +0000 2025,1875114343630516586
699,Bloomberg Crypto,Here's what you need to know to start your day https://t.co/ovgteYzJBv,Fri Jan 03 06:34:13 +0000 2025,1875068127144255814
700,Bloomberg Crypto,Get up to speed on what's moving global markets https://t.co/tTnZHJPCyw,Thu Jan 02 23:05:06 +0000 2025,1874955105075634566
701,Bloomberg Crypto,Wall Street has made its predictions for 2025. Bloomberg senior markets editor @SamJPotter tells @davidgura there’s one overarching theme: uncertainty. https://t.co/Tc7pR3IHBs,Thu Jan 02 22:42:09 +0000 2025,1874949330152382534
702,Bloomberg Crypto,"Digital-asset prime brokerage firm FalconX has acquired Arbelos Markets, a derivatives startup launched in 2023 by two crypto industry veterans https://t.co/eA1o6mx8jC",Thu Jan 02 21:46:29 +0000 2025,1874935320799490122
703,Bloomberg Crypto,Purveyors of ETFs are finding ever more creative — and potentially riskier — ways to lure investors into the crypto craze https://t.co/pkX4GN7Dc8,Thu Jan 02 20:42:47 +0000 2025,1874919290698178745
704,Bloomberg Crypto,"In retrospect, the disagreements between Elon Musk and MAGA provocateurs were inevitable https://t.co/Iuy8xdt4cd",Thu Jan 02 18:16:41 +0000 2025,1874882519901868094
705,Bloomberg Crypto,"Crypto prices are rising once again, with many of the alternatives to Bitcoin outperforming on Thursday as investors expand their holdings at the start of the new year https://t.co/QTGy8Cqt6T",Thu Jan 02 17:14:31 +0000 2025,1874866878490804326
706,Bloomberg Crypto,"Following the high-profile successes of the crypto industry in last year’s US elections, digital-asset companies in Canada are already applying what they’ve learned https://t.co/e5bWh3SSt1",Thu Jan 02 15:36:31 +0000 2025,1874842215869997262
707,Bloomberg Crypto,Investors sold off gold-backed exchange-traded funds for a fourth straight year in 2024 https://t.co/y9tBGRA9VK,Thu Jan 02 13:24:41 +0000 2025,1874809036186472675
708,Bloomberg Crypto,The return of Donald Trump to the White House dominates investment outlooks on Wall Street. Here’s what the finance world’s best and brightest see in the year ahead https://t.co/SB8zwkjjN6,Thu Jan 02 11:20:12 +0000 2025,1874777708405612586
709,Bloomberg Crypto,One has been used as an asset for thousands of years; the other less than two decades. But both just had a banner year. https://t.co/jgusVLbn6A,Thu Jan 02 10:13:07 +0000 2025,1874760828026486883
710,Bloomberg Crypto,We ring in the new year with a list of things to watch out for in 2025 in this week's Hong Kong Edition newsletter https://t.co/QCWlFTIL8d,Thu Jan 02 08:50:10 +0000 2025,1874739953050980675
711,Bloomberg Crypto,"Buckle up. This year will be a rollercoaster as politics, economics and market create a three-body problem, write @marcusashworth and @ScouseView https://t.co/Kq7wF0wA0L",Thu Jan 02 05:18:34 +0000 2025,1874686703736107088
712,Bloomberg Crypto,All you need to know about what’s moving markets https://t.co/wCRCE3aOyG,Wed Jan 01 23:25:38 +0000 2025,1874597882356986158
713,Bloomberg Crypto,These are the top fintech themes to watch in 2025 https://t.co/n5TwqkojWP,Wed Jan 01 14:32:26 +0000 2025,1874463698242150719
714,Bloomberg Crypto,"Bitcoin’s record-breaking run faltered toward the end of 2024, leading to its first monthly drop since August https://t.co/H5XDXrf0qQ",Wed Jan 01 07:38:57 +0000 2025,1874359644593738073
715,Bloomberg Crypto,"Bitcoin and US big tech rewarded investors who embraced risk in 2024 — see how $10,000 fared during the year across some standout investments https://t.co/wHEGlef8UT",Wed Jan 01 00:06:54 +0000 2025,1874245882289287271
716,Bloomberg Crypto,Here's all you need to know about what's moving markets https://t.co/9We1ulF8fS,Sun Jan 12 22:44:57 +0000 2025,1878573910301508080
717,Bloomberg Crypto,"Scott Bessent, Donald Trump’s pick to run the US Treasury Department, will resign from Key Square Group and sell his share of the partnership to avoid conflicts of interest if confirmed by the Senate https://t.co/kQNWZnV5yv",Sun Jan 12 17:21:25 +0000 2025,1878492493479596145
718,Bloomberg Crypto,"Trump’s return to the White House coincides with a massive rally in cryptocurrencies. But for the average American, crypto still comes with plenty of risks https://t.co/kFbm49C8lm",Sun Jan 12 16:34:04 +0000 2025,1878480575503253865
719,Bloomberg Crypto,"Scott Bessent, Donald Trump’s pick to run the US Treasury Department, will resign from Key Square Group and sell his share of the partnership to avoid conflicts of interest if confirmed by the Senate https://t.co/LsSu0uIV4w",Sat Jan 11 22:10:10 +0000 2025,1878202769753940108
720,Bloomberg Crypto,"Trump’s return to the White House coincides with a massive rally in cryptocurrencies. But for the average American, crypto still comes with plenty of risks https://t.co/ZgAStDrUx1",Sat Jan 11 17:34:04 +0000 2025,1878133288599957752
721,Bloomberg Crypto,Outgoing SEC Chair Gary Gensler has a word of caution for the next administration: be careful about messing with the guardrails that protect mom-and-pop traders https://t.co/4fkPksd7m2,Sat Jan 11 15:16:23 +0000 2025,1878098639693787616
